"X","HostCorrectedName","Group","HostFamily","Longitude","Latitude","PopulationType","HostEnvironment","country","continent","Threat","ThreatDic","ThreatDic2","ThreatDis","hostName","hostHomeRange","massKG","groupSizePriUng","groupSizeCar","type","commonName","status","IUCNlink","poptext"
1,"Alces alces","ungulates","Cervidae",9.8,59.13,"WN","terrestrial","Norway","Europe",0,0,0,0,"Alces_alces",72,356.998,1,NA,"NonThreatened","Eurasian elk","NT - Other","<a href='https://www.iucnredlist.org/search?query=Alces%20alces&searchType=species'>https://www.iucnredlist.org/search?query=Alces%20alces&searchType=species</a>","Scientific Name:  Alces alces</br>Common Name:  Eurasian elk</br>Threat Status:  NT - Other</br>Country:  Norway"
2,"Antilocapra americana","ungulates","Antilocapridae",-111.09,34.05,"WN","terrestrial","United States of America","North America",0,0,0,0,"Antilocapra_americana",8.16,46.0829,506,NA,"NonThreatened","pronghorn","NT - Other","<a href='https://www.iucnredlist.org/search?query=Antilocapra%20americana&searchType=species'>https://www.iucnredlist.org/search?query=Antilocapra%20americana&searchType=species</a>","Scientific Name:  Antilocapra americana</br>Common Name:  pronghorn</br>Threat Status:  NT - Other</br>Country:  United States of America"
3,"Antilope cervicapra","ungulates","Bovidae",-100.44,29.93,"WN","terrestrial","United States of America","North America",1,0,1,0,"Antilope_cervicapra",0.63,37.5,28.75,NA,"NonThreatened","blackbuck","NT - Other","<a href='https://www.iucnredlist.org/search?query=Antilope%20cervicapra&searchType=species'>https://www.iucnredlist.org/search?query=Antilope%20cervicapra&searchType=species</a>","Scientific Name:  Antilope cervicapra</br>Common Name:  blackbuck</br>Threat Status:  NT - Other</br>Country:  United States of America"
4,"Arctictis binturong","carnivores","Viverridae",101.36,16.08,"WN","terrestrial","Thailand","Asia",0,0,0,0,"Arctictis_binturong",NA,9.875,NA,"non_group","NonThreatened","binturong","NT - Other","<a href='https://www.iucnredlist.org/search?query=Arctictis%20binturong&searchType=species'>https://www.iucnredlist.org/search?query=Arctictis%20binturong&searchType=species</a>","Scientific Name:  Arctictis binturong</br>Common Name:  binturong</br>Threat Status:  NT - Other</br>Country:  Thailand"
5,"Arctocephalus australis","carnivores","Otariidae",-57.74,-37.97,"WN","marine","Argentina","South America",0,0,0,0,"Arctocephalus_australis",NA,45,NA,NA,"NonThreatened","South American fur seal","NT - Other","<a href='https://www.iucnredlist.org/search?query=Arctocephalus%20australis&searchType=species'>https://www.iucnredlist.org/search?query=Arctocephalus%20australis&searchType=species</a>","Scientific Name:  Arctocephalus australis</br>Common Name:  South American fur seal</br>Threat Status:  NT - Other</br>Country:  Argentina"
6,"Arctocephalus forsteri","carnivores","Otariidae",115.02,-33.64,"WN","marine","Australia","Australia",0,0,0,0,"Arctocephalus_forsteri",NA,101.25,16000,NA,"NonThreatened","New Zealand fur seal","NT - Other","<a href='https://www.iucnredlist.org/search?query=Arctocephalus%20forsteri&searchType=species'>https://www.iucnredlist.org/search?query=Arctocephalus%20forsteri&searchType=species</a>","Scientific Name:  Arctocephalus forsteri</br>Common Name:  New Zealand fur seal</br>Threat Status:  NT - Other</br>Country:  Australia"
7,"Arctocephalus gazella","carnivores","Otariidae",-60.92,-55.17,"WN","marine",NA,NA,0,0,0,0,"Arctocephalus_gazella",NA,97.5,NA,NA,"NonThreatened","antarctic fur seal","NT - Other","<a href='https://www.iucnredlist.org/search?query=Arctocephalus%20gazella&searchType=species'>https://www.iucnredlist.org/search?query=Arctocephalus%20gazella&searchType=species</a>","Scientific Name:  Arctocephalus gazella</br>Common Name:  antarctic fur seal</br>Threat Status:  NT - Other</br>Country:  NA"
8,"Arctocephalus pusillus","carnivores","Otariidae",23.4,-34.05,"WN","marine","South Africa","Africa",0,0,0,0,"Arctocephalus_pusillus",NA,178.5,NA,"non_group","NonThreatened","brown fur seal","NT - Other","<a href='https://www.iucnredlist.org/search?query=Arctocephalus%20pusillus&searchType=species'>https://www.iucnredlist.org/search?query=Arctocephalus%20pusillus&searchType=species</a>","Scientific Name:  Arctocephalus pusillus</br>Common Name:  brown fur seal</br>Threat Status:  NT - Other</br>Country:  South Africa"
9,"Arctocephalus tropicalis","carnivores","Otariidae",-10,-40.33,"WN","marine",NA,NA,0,0,0,0,"Arctocephalus_tropicalis",NA,84,NA,NA,"NonThreatened","subantarctic fur seal","NT - Other","<a href='https://www.iucnredlist.org/search?query=Arctocephalus%20tropicalis&searchType=species'>https://www.iucnredlist.org/search?query=Arctocephalus%20tropicalis&searchType=species</a>","Scientific Name:  Arctocephalus tropicalis</br>Common Name:  subantarctic fur seal</br>Threat Status:  NT - Other</br>Country:  NA"
10,"Axis axis","ungulates","Cervidae",-99.4,30.18,"WN","terrestrial","United States of America","North America",0,0,0,0,"Axis_axis",0.68,66.1728,NA,NA,"NonThreatened","chital","NT - Other","<a href='https://www.iucnredlist.org/search?query=Axis%20axis&searchType=species'>https://www.iucnredlist.org/search?query=Axis%20axis&searchType=species</a>","Scientific Name:  Axis axis</br>Common Name:  chital</br>Threat Status:  NT - Other</br>Country:  United States of America"
11,"Bassariscus astutus","carnivores","Procyonidae",-99.31,19.3,"WN","terrestrial","Mexico","South America",0,0,0,0,"Bassariscus_astutus",0.74,1.1295,NA,"non_group","NonThreatened","ringtail","NT - Other","<a href='https://www.iucnredlist.org/search?query=Bassariscus%20astutus&searchType=species'>https://www.iucnredlist.org/search?query=Bassariscus%20astutus&searchType=species</a>","Scientific Name:  Bassariscus astutus</br>Common Name:  ringtail</br>Threat Status:  NT - Other</br>Country:  Mexico"
12,"Canis adustus","carnivores","Canidae",34.56,0.57,"WN","terrestrial","Kenya","Africa",0,0,0,0,"Canis_adustus",1.02,10.2499,NA,"non_group","NonThreatened","side-striped jackal","NT - Other","<a href='https://www.iucnredlist.org/search?query=Canis%20adustus&searchType=species'>https://www.iucnredlist.org/search?query=Canis%20adustus&searchType=species</a>","Scientific Name:  Canis adustus</br>Common Name:  side-striped jackal</br>Threat Status:  NT - Other</br>Country:  Kenya"
13,"Canis aureus","carnivores","Canidae",21.82,39.07,"WN","terrestrial","Greece","Europe",0,0,0,0,"Canis_aureus",2.96,10.3452,NA,"non_group","NonThreatened","golden jackal","NT - Other","<a href='https://www.iucnredlist.org/search?query=Canis%20aureus&searchType=species'>https://www.iucnredlist.org/search?query=Canis%20aureus&searchType=species</a>","Scientific Name:  Canis aureus</br>Common Name:  golden jackal</br>Threat Status:  NT - Other</br>Country:  Greece"
14,"Canis latrans","carnivores","Canidae",-116.58,53.93,"WN","terrestrial","Canada","North America",0,0,0,0,"Canis_latrans",19,13.4063,NA,"non_group","NonThreatened","coyote","NT - Other","<a href='https://www.iucnredlist.org/search?query=Canis%20latrans&searchType=species'>https://www.iucnredlist.org/search?query=Canis%20latrans&searchType=species</a>","Scientific Name:  Canis latrans</br>Common Name:  coyote</br>Threat Status:  NT - Other</br>Country:  Canada"
15,"Canis mesomelas","carnivores","Canidae",28.31,-15.41,"WN","terrestrial","Zambia","Africa",0,0,0,0,"Canis_mesomelas",12,8.5,NA,"non_group","NonThreatened","black-backed jackal","NT - Other","<a href='https://www.iucnredlist.org/search?query=Canis%20mesomelas&searchType=species'>https://www.iucnredlist.org/search?query=Canis%20mesomelas&searchType=species</a>","Scientific Name:  Canis mesomelas</br>Common Name:  black-backed jackal</br>Threat Status:  NT - Other</br>Country:  Zambia"
16,"Capra ibex","ungulates","Bovidae",6.45,45.48,"WN","terrestrial","France","Europe",0,0,0,0,"Capra_ibex",NA,85.1665,NA,NA,"NonThreatened","Alpine ibex","NT - Other","<a href='https://www.iucnredlist.org/search?query=Capra%20ibex&searchType=species'>https://www.iucnredlist.org/search?query=Capra%20ibex&searchType=species</a>","Scientific Name:  Capra ibex</br>Common Name:  Alpine ibex</br>Threat Status:  NT - Other</br>Country:  France"
17,"Capra pyrenaica","ungulates","Bovidae",1.53,41.8,"WN","terrestrial","Spain","Europe",1,0,1,0,"Capra_pyrenaica",0.65,50,NA,NA,"NonThreatened","Spanish ibex","NT - Other","<a href='https://www.iucnredlist.org/search?query=Capra%20pyrenaica&searchType=species'>https://www.iucnredlist.org/search?query=Capra%20pyrenaica&searchType=species</a>","Scientific Name:  Capra pyrenaica</br>Common Name:  Spanish ibex</br>Threat Status:  NT - Other</br>Country:  Spain"
18,"Capreolus capreolus","ungulates","Cervidae",16.66,49.08,"WN","terrestrial","Czech Republic","Europe",0,0,0,0,"Capreolus_capreolus",0.52,22.5,NA,NA,"NonThreatened","Western roe deer","NT - Other","<a href='https://www.iucnredlist.org/search?query=Capreolus%20capreolus&searchType=species'>https://www.iucnredlist.org/search?query=Capreolus%20capreolus&searchType=species</a>","Scientific Name:  Capreolus capreolus</br>Common Name:  Western roe deer</br>Threat Status:  NT - Other</br>Country:  Czech Republic"
19,"Caracal caracal","carnivores","Felidae",28.31,-15.41,"WN","terrestrial","Zambia","Africa",0,0,0,0,"Caracal_caracal",294,13.7499,NA,"non_group","NonThreatened","caracal","NT - Other","<a href='https://www.iucnredlist.org/search?query=Caracal%20caracal&searchType=species'>https://www.iucnredlist.org/search?query=Caracal%20caracal&searchType=species</a>","Scientific Name:  Caracal caracal</br>Common Name:  caracal</br>Threat Status:  NT - Other</br>Country:  Zambia"
20,"Cephalophus natalensis","ungulates","Bovidae",31.02,-29.9,"WN","terrestrial","South Africa","Africa",1,0,1,0,"Cephalophus_natalensis",0.06,12,2,NA,"NonThreatened","Natal duiker","NT - Other","<a href='https://www.iucnredlist.org/search?query=Cephalophus%20natalensis&searchType=species'>https://www.iucnredlist.org/search?query=Cephalophus%20natalensis&searchType=species</a>","Scientific Name:  Cephalophus natalensis</br>Common Name:  Natal duiker</br>Threat Status:  NT - Other</br>Country:  South Africa"
21,"Ceratotherium simum","ungulates","Rhinocerotidae",31.45,-23.82,"WN","terrestrial","South Africa","Africa",1,0,1,0,"Ceratotherium_simum",19.3,2949.9863,3.75,NA,"NonThreatened","white rhinoceros","NT - Other","<a href='https://www.iucnredlist.org/search?query=Ceratotherium%20simum&searchType=species'>https://www.iucnredlist.org/search?query=Ceratotherium%20simum&searchType=species</a>","Scientific Name:  Ceratotherium simum</br>Common Name:  white rhinoceros</br>Threat Status:  NT - Other</br>Country:  South Africa"
22,"Cerdocyon thous","carnivores","Canidae",-51.93,-14.24,"WN","terrestrial","Brazil","South America",0,0,0,0,"Cerdocyon_thous",1.42,5.24,NA,"non_group","NonThreatened","crab-eating fox","NT - Other","<a href='https://www.iucnredlist.org/search?query=Cerdocyon%20thous&searchType=species'>https://www.iucnredlist.org/search?query=Cerdocyon%20thous&searchType=species</a>","Scientific Name:  Cerdocyon thous</br>Common Name:  crab-eating fox</br>Threat Status:  NT - Other</br>Country:  Brazil"
23,"Cervus elaphus","ungulates","Cervidae",16.66,49.08,"WN","terrestrial","Czech Republic","Europe",0,0,0,0,"Cervus_elaphus",58.4,131.25,17.5,NA,"NonThreatened","red deer","NT - Other","<a href='https://www.iucnredlist.org/search?query=Cervus%20elaphus&searchType=species'>https://www.iucnredlist.org/search?query=Cervus%20elaphus&searchType=species</a>","Scientific Name:  Cervus elaphus</br>Common Name:  red deer</br>Threat Status:  NT - Other</br>Country:  Czech Republic"
24,"Cervus nippon","ungulates","Cervidae",-99.4,30.18,"WN","terrestrial","United States of America","North America",0,0,0,0,"Cervus_nippon",1.45,53,7.5,NA,"NonThreatened","sika deer","NT - Other","<a href='https://www.iucnredlist.org/search?query=Cervus%20nippon&searchType=species'>https://www.iucnredlist.org/search?query=Cervus%20nippon&searchType=species</a>","Scientific Name:  Cervus nippon</br>Common Name:  sika deer</br>Threat Status:  NT - Other</br>Country:  United States of America"
25,"Civettictis civetta","carnivores","Viverridae",30.69,-21.37,"WN","terrestrial","Zimbabwe","Africa",0,0,0,0,"Civettictis_civetta",NA,12,NA,"non_group","NonThreatened","African civet","NT - Other","<a href='https://www.iucnredlist.org/search?query=Civettictis%20civetta&searchType=species'>https://www.iucnredlist.org/search?query=Civettictis%20civetta&searchType=species</a>","Scientific Name:  Civettictis civetta</br>Common Name:  African civet</br>Threat Status:  NT - Other</br>Country:  Zimbabwe"
26,"Conepatus chinga","carnivores","Mephitidae",-71.03,-14.48,"WN","terrestrial","Peru","South America",0,0,0,0,"Conepatus_chinga",NA,1.9175,NA,"non_group","NonThreatened","Molina's hog-nosed skunk","NT - Other","<a href='https://www.iucnredlist.org/search?query=Conepatus%20chinga&searchType=species'>https://www.iucnredlist.org/search?query=Conepatus%20chinga&searchType=species</a>","Scientific Name:  Conepatus chinga</br>Common Name:  Molina's hog-nosed skunk</br>Threat Status:  NT - Other</br>Country:  Peru"
27,"Conepatus leuconotus","carnivores","Mephitidae",-99.9,31.97,"WN","terrestrial","United States of America","North America",0,0,0,0,"Conepatus_leuconotus",NA,3.5,NA,"non_group","NonThreatened","eastern hog-nosed skunk","NT - Other","<a href='https://www.iucnredlist.org/search?query=Conepatus%20leuconotus&searchType=species'>https://www.iucnredlist.org/search?query=Conepatus%20leuconotus&searchType=species</a>","Scientific Name:  Conepatus leuconotus</br>Common Name:  eastern hog-nosed skunk</br>Threat Status:  NT - Other</br>Country:  United States of America"
28,"Connochaetes gnou","ungulates","Bovidae",28.29,-25.89,"WN","terrestrial","South Africa","Africa",0,0,0,0,"Connochaetes_gnou",0.97,179.999,26.75,NA,"NonThreatened","black wildebeest","NT - Other","<a href='https://www.iucnredlist.org/search?query=Connochaetes%20gnou&searchType=species'>https://www.iucnredlist.org/search?query=Connochaetes%20gnou&searchType=species</a>","Scientific Name:  Connochaetes gnou</br>Common Name:  black wildebeest</br>Threat Status:  NT - Other</br>Country:  South Africa"
29,"Crocuta crocuta","carnivores","Hyaenidae",34.83,-2.33,"WN","terrestrial","United Republic of Tanzania","Africa",1,0,1,0,"Crocuta_crocuta",22.3,62.9999,NA,"group","NonThreatened","spotted hyena","NT - Other","<a href='https://www.iucnredlist.org/search?query=Crocuta%20crocuta&searchType=species'>https://www.iucnredlist.org/search?query=Crocuta%20crocuta&searchType=species</a>","Scientific Name:  Crocuta crocuta</br>Common Name:  spotted hyena</br>Threat Status:  NT - Other</br>Country:  United Republic of Tanzania"
30,"Cynictis penicillata","carnivores","Herpestidae",27.18,-26.66,"WN","terrestrial","South Africa","Africa",0,0,0,0,"Cynictis_penicillata",1.89,0.836,NA,"group","NonThreatened","yellow mongoose","NT - Other","<a href='https://www.iucnredlist.org/search?query=Cynictis%20penicillata&searchType=species'>https://www.iucnredlist.org/search?query=Cynictis%20penicillata&searchType=species</a>","Scientific Name:  Cynictis penicillata</br>Common Name:  yellow mongoose</br>Threat Status:  NT - Other</br>Country:  South Africa"
31,"Cystophora cristata","carnivores","Phocidae",-57.95,43.95,"WN","marine",NA,NA,0,0,0,0,"Cystophora_cristata",NA,288.3335,NA,"non_group","NonThreatened","hooded seal","NT - Other","<a href='https://www.iucnredlist.org/search?query=Cystophora%20cristata&searchType=species'>https://www.iucnredlist.org/search?query=Cystophora%20cristata&searchType=species</a>","Scientific Name:  Cystophora cristata</br>Common Name:  hooded seal</br>Threat Status:  NT - Other</br>Country:  NA"
32,"Dama dama","ungulates","Cervidae",16.66,49.08,"WN","terrestrial","Czech Republic","Europe",0,0,0,0,"Dama_dama",0.71,56.25,10.5,NA,"NonThreatened","fallow deer","NT - Other","<a href='https://www.iucnredlist.org/search?query=Dama%20dama&searchType=species'>https://www.iucnredlist.org/search?query=Dama%20dama&searchType=species</a>","Scientific Name:  Dama dama</br>Common Name:  fallow deer</br>Threat Status:  NT - Other</br>Country:  Czech Republic"
33,"Eira barbara","carnivores","Mustelidae",-51.93,-14.24,"WN","terrestrial","Brazil","South America",0,0,0,0,"Eira_barbara",11.4,3.91,NA,"non_group","NonThreatened","Tayra","NT - Other","<a href='https://www.iucnredlist.org/search?query=Eira%20barbara&searchType=species'>https://www.iucnredlist.org/search?query=Eira%20barbara&searchType=species</a>","Scientific Name:  Eira barbara</br>Common Name:  Tayra</br>Threat Status:  NT - Other</br>Country:  Brazil"
34,"Equus burchellii","ungulates","Equidae",31.45,-23.82,"WN","terrestrial","South Africa","Africa",0,0,0,0,"Equus_burchellii",128,NA,5.1,NA,"NonThreatened","plains zebra","NT - Other","<a href='https://www.iucnredlist.org/search?query=Equus%20burchellii&searchType=species'>https://www.iucnredlist.org/search?query=Equus%20burchellii&searchType=species</a>","Scientific Name:  Equus burchellii</br>Common Name:  plains zebra</br>Threat Status:  NT - Other</br>Country:  South Africa"
35,"Erignathus barbatus","carnivores","Phocidae",-57.66,53.14,"WN","marine","Canada","North America",0,0,0,0,"Erignathus_barbatus",NA,280,NA,"non_group","NonThreatened","bearded seal","NT - Other","<a href='https://www.iucnredlist.org/search?query=Erignathus%20barbatus&searchType=species'>https://www.iucnredlist.org/search?query=Erignathus%20barbatus&searchType=species</a>","Scientific Name:  Erignathus barbatus</br>Common Name:  bearded seal</br>Threat Status:  NT - Other</br>Country:  Canada"
36,"Galictis cuja","carnivores","Mustelidae",-51.93,-14.24,"WN","terrestrial","Brazil","South America",0,0,0,0,"Galictis_cuja",NA,1,NA,"non_group","NonThreatened","Lesser grison","NT - Other","<a href='https://www.iucnredlist.org/search?query=Galictis%20cuja&searchType=species'>https://www.iucnredlist.org/search?query=Galictis%20cuja&searchType=species</a>","Scientific Name:  Galictis cuja</br>Common Name:  Lesser grison</br>Threat Status:  NT - Other</br>Country:  Brazil"
37,"Galictis vittata","carnivores","Mustelidae",-51.93,-14.24,"WN","terrestrial","Brazil","South America",0,0,0,0,"Galictis_vittata",3.24,3.2,NA,"non_group","NonThreatened","Greater grison","NT - Other","<a href='https://www.iucnredlist.org/search?query=Galictis%20vittata&searchType=species'>https://www.iucnredlist.org/search?query=Galictis%20vittata&searchType=species</a>","Scientific Name:  Galictis vittata</br>Common Name:  Greater grison</br>Threat Status:  NT - Other</br>Country:  Brazil"
38,"Genetta genetta","carnivores","Viverridae",2.17,41.39,"WN","terrestrial","Spain","Europe",0,0,0,0,"Genetta_genetta",10.9,1.8,NA,NA,"NonThreatened","small-spotted genet","NT - Other","<a href='https://www.iucnredlist.org/search?query=Genetta%20genetta&searchType=species'>https://www.iucnredlist.org/search?query=Genetta%20genetta&searchType=species</a>","Scientific Name:  Genetta genetta</br>Common Name:  small-spotted genet</br>Threat Status:  NT - Other</br>Country:  Spain"
39,"Genetta tigrina","carnivores","Viverridae",-16.07,13.62,"WN","terrestrial","Senegal","Africa",0,0,0,0,"Genetta_tigrina",0.04,2.225,NA,"non_group","NonThreatened","large-spotted genet","NT - Other","<a href='https://www.iucnredlist.org/search?query=Genetta%20tigrina&searchType=species'>https://www.iucnredlist.org/search?query=Genetta%20tigrina&searchType=species</a>","Scientific Name:  Genetta tigrina</br>Common Name:  large-spotted genet</br>Threat Status:  NT - Other</br>Country:  Senegal"
40,"Halichoerus grypus","carnivores","Phocidae",19.86,58.49,"WN","marine",NA,NA,0,0,0,0,"Halichoerus_grypus",NA,157.667,NA,NA,"NonThreatened","gray seal","NT - Other","<a href='https://www.iucnredlist.org/search?query=Halichoerus%20grypus&searchType=species'>https://www.iucnredlist.org/search?query=Halichoerus%20grypus&searchType=species</a>","Scientific Name:  Halichoerus grypus</br>Common Name:  gray seal</br>Threat Status:  NT - Other</br>Country:  NA"
41,"Herpestes ichneumon","carnivores","Herpestidae",-3.83,38.37,"WN","terrestrial","Spain","Europe",0,0,0,0,"Herpestes_ichneumon",2.19,5.175,NA,"group","NonThreatened","Egyptian mongoose","NT - Other","<a href='https://www.iucnredlist.org/search?query=Herpestes%20ichneumon&searchType=species'>https://www.iucnredlist.org/search?query=Herpestes%20ichneumon&searchType=species</a>","Scientific Name:  Herpestes ichneumon</br>Common Name:  Egyptian mongoose</br>Threat Status:  NT - Other</br>Country:  Spain"
42,"Herpestes javanicus","carnivores","Herpestidae",-64.86,17.71,"WN","terrestrial","United States Virgin Islands","South America",0,0,0,0,"Herpestes_javanicus",0.23,0.75,NA,"non_group","NonThreatened","small Asian mongoose","NT - Other","<a href='https://www.iucnredlist.org/search?query=Herpestes%20javanicus&searchType=species'>https://www.iucnredlist.org/search?query=Herpestes%20javanicus&searchType=species</a>","Scientific Name:  Herpestes javanicus</br>Common Name:  small Asian mongoose</br>Threat Status:  NT - Other</br>Country:  United States Virgin Islands"
43,"Hippopotamus amphibius","ungulates","Hippopotamidae",27.85,-13.13,"WN","terrestrial","Zambia","Africa",0,0,0,0,"Hippopotamus_amphibius",NA,1417.49,585,NA,"NonThreatened","hippopotamus","NT - Other","<a href='https://www.iucnredlist.org/search?query=Hippopotamus%20amphibius&searchType=species'>https://www.iucnredlist.org/search?query=Hippopotamus%20amphibius&searchType=species</a>","Scientific Name:  Hippopotamus amphibius</br>Common Name:  hippopotamus</br>Threat Status:  NT - Other</br>Country:  Zambia"
44,"Hyaena hyaena","carnivores","Hyaenidae",9.58,34.11,"WN","terrestrial","Tunisia","Africa",1,0,1,0,"Hyaena_hyaena",45.3,41.7051,NA,"group","NonThreatened","striped hyena","NT - Other","<a href='https://www.iucnredlist.org/search?query=Hyaena%20hyaena&searchType=species'>https://www.iucnredlist.org/search?query=Hyaena%20hyaena&searchType=species</a>","Scientific Name:  Hyaena hyaena</br>Common Name:  striped hyena</br>Threat Status:  NT - Other</br>Country:  Tunisia"
45,"Leopardus pardalis","carnivores","Felidae",-61.3,-19.52,"WN","terrestrial","Bolivia","South America",0,0,0,0,"Leopardus_pardalis",5.09,11.9001,NA,"non_group","NonThreatened","ocelot","NT - Other","<a href='https://www.iucnredlist.org/search?query=Leopardus%20pardalis&searchType=species'>https://www.iucnredlist.org/search?query=Leopardus%20pardalis&searchType=species</a>","Scientific Name:  Leopardus pardalis</br>Common Name:  ocelot</br>Threat Status:  NT - Other</br>Country:  Bolivia"
46,"Leopardus tigrinus","carnivores","Felidae",-51.93,-14.24,"WN","terrestrial","Brazil","South America",1,0,1,0,"Leopardus_tigrinus",NA,2.25,1,NA,"NonThreatened","little spotted cat","NT - Other","<a href='https://www.iucnredlist.org/search?query=Leopardus%20tigrinus&searchType=species'>https://www.iucnredlist.org/search?query=Leopardus%20tigrinus&searchType=species</a>","Scientific Name:  Leopardus tigrinus</br>Common Name:  little spotted cat</br>Threat Status:  NT - Other</br>Country:  Brazil"
47,"Leopardus wiedii","carnivores","Felidae",-51.93,-14.24,"WN","terrestrial","Brazil","South America",0,0,0,0,"Leopardus_wiedii",8.55,3.25,NA,NA,"NonThreatened","margay","NT - Other","<a href='https://www.iucnredlist.org/search?query=Leopardus%20wiedii&searchType=species'>https://www.iucnredlist.org/search?query=Leopardus%20wiedii&searchType=species</a>","Scientific Name:  Leopardus wiedii</br>Common Name:  margay</br>Threat Status:  NT - Other</br>Country:  Brazil"
48,"Leptailurus serval","carnivores","Felidae",-16.23,12.81,"WN","terrestrial","Senegal","Africa",0,0,0,0,"Leptailurus_serval",1.85,12,NA,"non_group","NonThreatened","serval","NT - Other","<a href='https://www.iucnredlist.org/search?query=Leptailurus%20serval&searchType=species'>https://www.iucnredlist.org/search?query=Leptailurus%20serval&searchType=species</a>","Scientific Name:  Leptailurus serval</br>Common Name:  serval</br>Threat Status:  NT - Other</br>Country:  Senegal"
49,"Leptonychotes weddellii","carnivores","Phocidae",165,-77.5,"WN","marine",NA,NA,0,0,0,0,"Leptonychotes_weddellii",NA,400,NA,"non_group","NonThreatened","Weddell seal","NT - Other","<a href='https://www.iucnredlist.org/search?query=Leptonychotes%20weddellii&searchType=species'>https://www.iucnredlist.org/search?query=Leptonychotes%20weddellii&searchType=species</a>","Scientific Name:  Leptonychotes weddellii</br>Common Name:  Weddell seal</br>Threat Status:  NT - Other</br>Country:  NA"
50,"Lontra canadensis","carnivores","Mustelidae",-86.34,35.84,"WN","terrestrial","United States of America","North America",0,0,0,0,"Lontra_canadensis",14.2,8.0874,NA,"non_group","NonThreatened","Northern American river otter","NT - Other","<a href='https://www.iucnredlist.org/search?query=Lontra%20canadensis&searchType=species'>https://www.iucnredlist.org/search?query=Lontra%20canadensis&searchType=species</a>","Scientific Name:  Lontra canadensis</br>Common Name:  Northern American river otter</br>Threat Status:  NT - Other</br>Country:  United States of America"
51,"Lontra longicaudis","carnivores","Mustelidae",-51.93,-14.24,"WN","terrestrial","Brazil","South America",0,0,0,0,"Lontra_longicaudis",NA,6.555,NA,NA,"NonThreatened","neotropical river otter","NT - Other","<a href='https://www.iucnredlist.org/search?query=Lontra%20longicaudis&searchType=species'>https://www.iucnredlist.org/search?query=Lontra%20longicaudis&searchType=species</a>","Scientific Name:  Lontra longicaudis</br>Common Name:  neotropical river otter</br>Threat Status:  NT - Other</br>Country:  Brazil"
52,"Lutra lutra","carnivores","Mustelidae",24.27,42.24,"WN","terrestrial","Bulgaria","Europe",1,0,1,0,"Lutra_lutra",21.4,8.7851,NA,"non_group","NonThreatened","Eurasian river otter","NT - Other","<a href='https://www.iucnredlist.org/search?query=Lutra%20lutra&searchType=species'>https://www.iucnredlist.org/search?query=Lutra%20lutra&searchType=species</a>","Scientific Name:  Lutra lutra</br>Common Name:  Eurasian river otter</br>Threat Status:  NT - Other</br>Country:  Bulgaria"
53,"Lynx canadensis","carnivores","Felidae",-85.32,51.25,"WN","terrestrial","Canada","North America",0,0,0,0,"Lynx_canadensis",30.8,9.3732,NA,"non_group","NonThreatened","Canada lynx","NT - Other","<a href='https://www.iucnredlist.org/search?query=Lynx%20canadensis&searchType=species'>https://www.iucnredlist.org/search?query=Lynx%20canadensis&searchType=species</a>","Scientific Name:  Lynx canadensis</br>Common Name:  Canada lynx</br>Threat Status:  NT - Other</br>Country:  Canada"
54,"Lynx lynx","carnivores","Felidae",7.45,46.95,"WN","terrestrial","Switzerland","Europe",1,0,1,0,"Lynx_lynx",137,17.95,NA,"non_group","NonThreatened","Eurasian lynx","NT - Other","<a href='https://www.iucnredlist.org/search?query=Lynx%20lynx&searchType=species'>https://www.iucnredlist.org/search?query=Lynx%20lynx&searchType=species</a>","Scientific Name:  Lynx lynx</br>Common Name:  Eurasian lynx</br>Threat Status:  NT - Other</br>Country:  Switzerland"
55,"Lynx rufus","carnivores","Felidae",-99.36,31.49,"WN","terrestrial","United States of America","North America",0,0,0,0,"Lynx_rufus",31.5,8.9041,NA,"non_group","NonThreatened","bobcat","NT - Other","<a href='https://www.iucnredlist.org/search?query=Lynx%20rufus&searchType=species'>https://www.iucnredlist.org/search?query=Lynx%20rufus&searchType=species</a>","Scientific Name:  Lynx rufus</br>Common Name:  bobcat</br>Threat Status:  NT - Other</br>Country:  United States of America"
56,"Madoqua saltiana","ungulates","Bovidae",44.25,1.88,"WN","terrestrial","Somalia","Africa",0,0,0,0,"Madoqua_saltiana",NA,3.25,1.5,NA,"NonThreatened","Salt's dikdik","NT - Other","<a href='https://www.iucnredlist.org/search?query=Madoqua%20saltiana&searchType=species'>https://www.iucnredlist.org/search?query=Madoqua%20saltiana&searchType=species</a>","Scientific Name:  Madoqua saltiana</br>Common Name:  Salt's dikdik</br>Threat Status:  NT - Other</br>Country:  Somalia"
57,"Martes americana","carnivores","Mustelidae",-119.75,48.22,"WN","terrestrial","United States of America","North America",0,0,0,0,"Martes_americana",3.7,1.25,NA,"non_group","NonThreatened","American marten","NT - Other","<a href='https://www.iucnredlist.org/search?query=Martes%20americana&searchType=species'>https://www.iucnredlist.org/search?query=Martes%20americana&searchType=species</a>","Scientific Name:  Martes americana</br>Common Name:  American marten</br>Threat Status:  NT - Other</br>Country:  United States of America"
58,"Martes foina","carnivores","Mustelidae",12.08,42.79,"WN","terrestrial","Italy","Europe",0,0,0,0,"Martes_foina",2.16,1.5408,NA,"non_group","NonThreatened","beach marten","NT - Other","<a href='https://www.iucnredlist.org/search?query=Martes%20foina&searchType=species'>https://www.iucnredlist.org/search?query=Martes%20foina&searchType=species</a>","Scientific Name:  Martes foina</br>Common Name:  beach marten</br>Threat Status:  NT - Other</br>Country:  Italy"
59,"Martes martes","carnivores","Mustelidae",-3.75,40.46,"WN","terrestrial","Spain","Europe",0,0,0,0,"Martes_martes",2.17,1.3,NA,"non_group","NonThreatened","European pine marten","NT - Other","<a href='https://www.iucnredlist.org/search?query=Martes%20martes&searchType=species'>https://www.iucnredlist.org/search?query=Martes%20martes&searchType=species</a>","Scientific Name:  Martes martes</br>Common Name:  European pine marten</br>Threat Status:  NT - Other</br>Country:  Spain"
60,"Martes melampus","carnivores","Mustelidae",140.75,40.82,"WN","terrestrial","Japan","Asia",0,0,0,0,"Martes_melampus",NA,1,NA,NA,"NonThreatened","Japanese marten","NT - Other","<a href='https://www.iucnredlist.org/search?query=Martes%20melampus&searchType=species'>https://www.iucnredlist.org/search?query=Martes%20melampus&searchType=species</a>","Scientific Name:  Martes melampus</br>Common Name:  Japanese marten</br>Threat Status:  NT - Other</br>Country:  Japan"
61,"Martes pennanti","carnivores","Mustelidae",-106.35,56.13,"WN","terrestrial","Canada","North America",0,0,0,0,"Martes_pennanti",15,4,NA,"non_group","NonThreatened","fisher","NT - Other","<a href='https://www.iucnredlist.org/search?query=Martes%20pennanti&searchType=species'>https://www.iucnredlist.org/search?query=Martes%20pennanti&searchType=species</a>","Scientific Name:  Martes pennanti</br>Common Name:  fisher</br>Threat Status:  NT - Other</br>Country:  Canada"
62,"Meles meles","carnivores","Mustelidae",12.13,60.45,"WN","terrestrial","Norway","Europe",0,0,0,0,"Meles_meles",1.22,13,NA,"group","NonThreatened","Eurasian badger","NT - Other","<a href='https://www.iucnredlist.org/search?query=Meles%20meles&searchType=species'>https://www.iucnredlist.org/search?query=Meles%20meles&searchType=species</a>","Scientific Name:  Meles meles</br>Common Name:  Eurasian badger</br>Threat Status:  NT - Other</br>Country:  Norway"
63,"Mephitis mephitis","carnivores","Mephitidae",-89.4,40.63,"WN","terrestrial","United States of America","North America",0,0,0,0,"Mephitis_mephitis",2.33,2.085,NA,"non_group","NonThreatened","striped skunk","NT - Other","<a href='https://www.iucnredlist.org/search?query=Mephitis%20mephitis&searchType=species'>https://www.iucnredlist.org/search?query=Mephitis%20mephitis&searchType=species</a>","Scientific Name:  Mephitis mephitis</br>Common Name:  striped skunk</br>Threat Status:  NT - Other</br>Country:  United States of America"
64,"Mirounga angustirostris","carnivores","Phocidae",-121.79,36.65,"WN","marine","United States of America","North America",0,0,0,0,"Mirounga_angustirostris",NA,750,NA,NA,"NonThreatened","Northern elephant seal","NT - Other","<a href='https://www.iucnredlist.org/search?query=Mirounga%20angustirostris&searchType=species'>https://www.iucnredlist.org/search?query=Mirounga%20angustirostris&searchType=species</a>","Scientific Name:  Mirounga angustirostris</br>Common Name:  Northern elephant seal</br>Threat Status:  NT - Other</br>Country:  United States of America"
65,"Mirounga leonina","carnivores","Phocidae",158.86,-54.62,"WN","marine",NA,NA,0,0,0,0,"Mirounga_leonina",NA,1600,NA,NA,"NonThreatened","Southern elephant seal","NT - Other","<a href='https://www.iucnredlist.org/search?query=Mirounga%20leonina&searchType=species'>https://www.iucnredlist.org/search?query=Mirounga%20leonina&searchType=species</a>","Scientific Name:  Mirounga leonina</br>Common Name:  Southern elephant seal</br>Threat Status:  NT - Other</br>Country:  NA"
66,"Mungos mungo","carnivores","Herpestidae",24.5,-18.67,"WN","terrestrial","Botswana","Africa",0,0,0,0,"Mungos_mungo",1.67,1.925,NA,"group","NonThreatened","banded mongoose","NT - Other","<a href='https://www.iucnredlist.org/search?query=Mungos%20mungo&searchType=species'>https://www.iucnredlist.org/search?query=Mungos%20mungo&searchType=species</a>","Scientific Name:  Mungos mungo</br>Common Name:  banded mongoose</br>Threat Status:  NT - Other</br>Country:  Botswana"
67,"Muntiacus reevesi","ungulates","Cervidae",-1.55,52.29,"WN","terrestrial","United Kingdom","Europe",0,0,0,0,"Muntiacus_reevesi",0.12,13.5,NA,NA,"NonThreatened","Reeves' muntjac","NT - Other","<a href='https://www.iucnredlist.org/search?query=Muntiacus%20reevesi&searchType=species'>https://www.iucnredlist.org/search?query=Muntiacus%20reevesi&searchType=species</a>","Scientific Name:  Muntiacus reevesi</br>Common Name:  Reeves' muntjac</br>Threat Status:  NT - Other</br>Country:  United Kingdom"
68,"Mustela erminea","carnivores","Mustelidae",27.95,53.71,"WN","terrestrial","Belarus","Europe",0,0,0,0,"Mustela_erminea",0.11,0.1194,NA,"non_group","NonThreatened","ermine","NT - Other","<a href='https://www.iucnredlist.org/search?query=Mustela%20erminea&searchType=species'>https://www.iucnredlist.org/search?query=Mustela%20erminea&searchType=species</a>","Scientific Name:  Mustela erminea</br>Common Name:  ermine</br>Threat Status:  NT - Other</br>Country:  Belarus"
69,"Mustela frenata","carnivores","Mustelidae",-122.68,45.52,"WN","terrestrial","United States of America","North America",0,0,0,0,"Mustela_frenata",0.21,0.147,NA,"non_group","NonThreatened","long-tailed weasel","NT - Other","<a href='https://www.iucnredlist.org/search?query=Mustela%20frenata&searchType=species'>https://www.iucnredlist.org/search?query=Mustela%20frenata&searchType=species</a>","Scientific Name:  Mustela frenata</br>Common Name:  long-tailed weasel</br>Threat Status:  NT - Other</br>Country:  United States of America"
70,"Mustela nivalis","carnivores","Mustelidae",27.95,53.71,"WN","terrestrial","Belarus","Europe",0,0,0,0,"Mustela_nivalis",0.07,0.1375,NA,"non_group","NonThreatened","least weasel","NT - Other","<a href='https://www.iucnredlist.org/search?query=Mustela%20nivalis&searchType=species'>https://www.iucnredlist.org/search?query=Mustela%20nivalis&searchType=species</a>","Scientific Name:  Mustela nivalis</br>Common Name:  least weasel</br>Threat Status:  NT - Other</br>Country:  Belarus"
71,"Mustela putorius","carnivores","Mustelidae",27.95,53.71,"WN","terrestrial","Belarus","Europe",0,0,0,0,"Mustela_putorius",0.42,0.9154,NA,"non_group","NonThreatened","European polecat","NT - Other","<a href='https://www.iucnredlist.org/search?query=Mustela%20putorius&searchType=species'>https://www.iucnredlist.org/search?query=Mustela%20putorius&searchType=species</a>","Scientific Name:  Mustela putorius</br>Common Name:  European polecat</br>Threat Status:  NT - Other</br>Country:  Belarus"
72,"Mustela sibirica","carnivores","Mustelidae",140.75,40.82,"WN","terrestrial","Japan","Asia",0,0,0,0,"Mustela_sibirica",3.43,0.405,NA,"non_group","NonThreatened","Siberian weasel","NT - Other","<a href='https://www.iucnredlist.org/search?query=Mustela%20sibirica&searchType=species'>https://www.iucnredlist.org/search?query=Mustela%20sibirica&searchType=species</a>","Scientific Name:  Mustela sibirica</br>Common Name:  Siberian weasel</br>Threat Status:  NT - Other</br>Country:  Japan"
73,"Nasua narica","carnivores","Procyonidae",-105,19.49,"WN","terrestrial","Mexico","South America",0,0,0,0,"Nasua_narica",0.78,4.03,NA,"group","NonThreatened","White-nosed coati","NT - Other","<a href='https://www.iucnredlist.org/search?query=Nasua%20narica&searchType=species'>https://www.iucnredlist.org/search?query=Nasua%20narica&searchType=species</a>","Scientific Name:  Nasua narica</br>Common Name:  White-nosed coati</br>Threat Status:  NT - Other</br>Country:  Mexico"
74,"Nasua nasua","carnivores","Procyonidae",-51.93,-14.24,"WN","terrestrial","Brazil","South America",0,0,0,0,"Nasua_nasua",0.8,3.7938,NA,"group","NonThreatened","ring-tailed coati","NT - Other","<a href='https://www.iucnredlist.org/search?query=Nasua%20nasua&searchType=species'>https://www.iucnredlist.org/search?query=Nasua%20nasua&searchType=species</a>","Scientific Name:  Nasua nasua</br>Common Name:  ring-tailed coati</br>Threat Status:  NT - Other</br>Country:  Brazil"
75,"Odobenus rosmarus","carnivores","Odobenidae",-145.57,72.84,"WN","marine",NA,NA,0,0,0,0,"Odobenus_rosmarus",NA,825,NA,NA,"NonThreatened","walrus","NT - Other","<a href='https://www.iucnredlist.org/search?query=Odobenus%20rosmarus&searchType=species'>https://www.iucnredlist.org/search?query=Odobenus%20rosmarus&searchType=species</a>","Scientific Name:  Odobenus rosmarus</br>Common Name:  walrus</br>Threat Status:  NT - Other</br>Country:  NA"
76,"Odocoileus hemionus","ungulates","Odobenidae",-119.42,36.78,"WN","terrestrial","United States of America","North America",0,0,0,0,"Odocoileus_hemionus",2.03,54.2126,NA,NA,"NonThreatened","mule deer","NT - Other","<a href='https://www.iucnredlist.org/search?query=Odocoileus%20hemionus&searchType=species'>https://www.iucnredlist.org/search?query=Odocoileus%20hemionus&searchType=species</a>","Scientific Name:  Odocoileus hemionus</br>Common Name:  mule deer</br>Threat Status:  NT - Other</br>Country:  United States of America"
77,"Odocoileus virginianus","ungulates","Odobenidae",-100,25.59,"WN","terrestrial","Mexico","South America",0,0,0,0,"Odocoileus_virginianus",2,55.5086,2.25,NA,"NonThreatened","white-tailed deer","NT - Other","<a href='https://www.iucnredlist.org/search?query=Odocoileus%20virginianus&searchType=species'>https://www.iucnredlist.org/search?query=Odocoileus%20virginianus&searchType=species</a>","Scientific Name:  Odocoileus virginianus</br>Common Name:  white-tailed deer</br>Threat Status:  NT - Other</br>Country:  Mexico"
78,"Oreamnos americanus","ungulates","Bovidae",-120.74,47.75,"WN","terrestrial","United States of America","North America",0,0,0,0,"Oreamnos_americanus",18.2,72.5003,3,NA,"NonThreatened","mountain goat","NT - Other","<a href='https://www.iucnredlist.org/search?query=Oreamnos%20americanus&searchType=species'>https://www.iucnredlist.org/search?query=Oreamnos%20americanus&searchType=species</a>","Scientific Name:  Oreamnos americanus</br>Common Name:  mountain goat</br>Threat Status:  NT - Other</br>Country:  United States of America"
79,"Ovibos moschatus","ungulates","Bovidae",9.25,61.99,"WN","terrestrial","Norway","Europe",0,0,0,0,"Ovibos_moschatus",NA,340.5011,12.5,NA,"NonThreatened","muskox","NT - Other","<a href='https://www.iucnredlist.org/search?query=Ovibos%20moschatus&searchType=species'>https://www.iucnredlist.org/search?query=Ovibos%20moschatus&searchType=species</a>","Scientific Name:  Ovibos moschatus</br>Common Name:  muskox</br>Threat Status:  NT - Other</br>Country:  Norway"
80,"Ovis dalli","ungulates","Bovidae",-149.49,64.2,"WO","terrestrial","United States of America","North America",0,0,0,0,"Ovis_dalli",10.3,55.6506,9.5,NA,"NonThreatened","Dall sheep","NT - Other","<a href='https://www.iucnredlist.org/search?query=Ovis%20dalli&searchType=species'>https://www.iucnredlist.org/search?query=Ovis%20dalli&searchType=species</a>","Scientific Name:  Ovis dalli</br>Common Name:  Dall sheep</br>Threat Status:  NT - Other</br>Country:  United States of America"
81,"Ozotoceros bezoarticus","ungulates","Cervidae",-56,-19,"WN","terrestrial","Brazil","South America",1,0,1,0,"Ozotoceros_bezoarticus",6.17,40,3.5,NA,"NonThreatened","pampas deer","NT - Other","<a href='https://www.iucnredlist.org/search?query=Ozotoceros%20bezoarticus&searchType=species'>https://www.iucnredlist.org/search?query=Ozotoceros%20bezoarticus&searchType=species</a>","Scientific Name:  Ozotoceros bezoarticus</br>Common Name:  pampas deer</br>Threat Status:  NT - Other</br>Country:  Brazil"
82,"Paguma larvata","carnivores","Viverridae",139.06,35.82,"WN","terrestrial","Japan","Asia",0,0,0,0,"Paguma_larvata",2.89,4.3,NA,"non_group","NonThreatened","masked palm civet","NT - Other","<a href='https://www.iucnredlist.org/search?query=Paguma%20larvata&searchType=species'>https://www.iucnredlist.org/search?query=Paguma%20larvata&searchType=species</a>","Scientific Name:  Paguma larvata</br>Common Name:  masked palm civet</br>Threat Status:  NT - Other</br>Country:  Japan"
83,"Panthera onca","carnivores","Felidae",-51.93,-14.24,"WN","terrestrial","Brazil","South America",1,0,1,0,"Panthera_onca",32.1,100,1,"non_group","NonThreatened","jaguar","NT - Other","<a href='https://www.iucnredlist.org/search?query=Panthera%20onca&searchType=species'>https://www.iucnredlist.org/search?query=Panthera%20onca&searchType=species</a>","Scientific Name:  Panthera onca</br>Common Name:  jaguar</br>Threat Status:  NT - Other</br>Country:  Brazil"
84,"Panthera pardus","carnivores","Felidae",54.35,36.17,"WN","terrestrial","Iran","Asia",0,0,0,0,"Panthera_pardus",19,54.9997,1,"non_group","NonThreatened","leopard","NT - Other","<a href='https://www.iucnredlist.org/search?query=Panthera%20pardus&searchType=species'>https://www.iucnredlist.org/search?query=Panthera%20pardus&searchType=species</a>","Scientific Name:  Panthera pardus</br>Common Name:  leopard</br>Threat Status:  NT - Other</br>Country:  Iran"
85,"Pecari tajacu","ungulates","Tayassuidae",-112.49,33.35,"WO","terrestrial","United States of America","North America",0,0,0,0,"Pecari_tajacu",1.4,21.2667,15.85,NA,"NonThreatened","collared peccary","NT - Other","<a href='https://www.iucnredlist.org/search?query=Pecari%20tajacu&searchType=species'>https://www.iucnredlist.org/search?query=Pecari%20tajacu&searchType=species</a>","Scientific Name:  Pecari tajacu</br>Common Name:  collared peccary</br>Threat Status:  NT - Other</br>Country:  United States of America"
86,"Pelea capreolus","ungulates","Peleinae",22.31,-32.26,"WN","terrestrial","South Africa","Africa",0,0,0,0,"Pelea_capreolus",NA,20,10.25,NA,"NonThreatened","common rhebok","NT - Other","<a href='https://www.iucnredlist.org/search?query=Pelea%20capreolus&searchType=species'>https://www.iucnredlist.org/search?query=Pelea%20capreolus&searchType=species</a>","Scientific Name:  Pelea capreolus</br>Common Name:  common rhebok</br>Threat Status:  NT - Other</br>Country:  South Africa"
87,"Phoca largha","carnivores","Phocidae",143.15,42.02,"WN","marine","Japan","Asia",0,0,0,0,"Phoca_largha",NA,150,NA,"non_group","NonThreatened","spotted seal","NT - Other","<a href='https://www.iucnredlist.org/search?query=Phoca%20largha&searchType=species'>https://www.iucnredlist.org/search?query=Phoca%20largha&searchType=species</a>","Scientific Name:  Phoca largha</br>Common Name:  spotted seal</br>Threat Status:  NT - Other</br>Country:  Japan"
88,"Phoca vitulina","carnivores","Phocidae",9.7,54.22,"WN","marine","Germany","Europe",0,0,0,0,"Phoca_vitulina",NA,100,NA,"non_group","NonThreatened","harbor seal","NT - Other","<a href='https://www.iucnredlist.org/search?query=Phoca%20vitulina&searchType=species'>https://www.iucnredlist.org/search?query=Phoca%20vitulina&searchType=species</a>","Scientific Name:  Phoca vitulina</br>Common Name:  harbor seal</br>Threat Status:  NT - Other</br>Country:  Germany"
89,"Potamochoerus porcus","ungulates","Suinae",32.27,-26.88,"WN","terrestrial","South Africa","Africa",0,0,0,0,"Potamochoerus_porcus",NA,70.0003,19.53,NA,"NonThreatened","red river hog","NT - Other","<a href='https://www.iucnredlist.org/search?query=Potamochoerus%20porcus&searchType=species'>https://www.iucnredlist.org/search?query=Potamochoerus%20porcus&searchType=species</a>","Scientific Name:  Potamochoerus porcus</br>Common Name:  red river hog</br>Threat Status:  NT - Other</br>Country:  South Africa"
90,"Procyon lotor","carnivores","Procyonidae",-80.91,25.87,"WN","terrestrial","United States of America","North America",0,0,0,0,"Procyon_lotor",4.63,6.55,NA,"non_group","NonThreatened","raccoon","NT - Other","<a href='https://www.iucnredlist.org/search?query=Procyon%20lotor&searchType=species'>https://www.iucnredlist.org/search?query=Procyon%20lotor&searchType=species</a>","Scientific Name:  Procyon lotor</br>Common Name:  raccoon</br>Threat Status:  NT - Other</br>Country:  United States of America"
91,"Rangifer tarandus","ungulates","Cervidae",25.75,61.92,"WN","terrestrial","Finland","Europe",0,0,0,0,"Rangifer_tarandus",2770,86.034,1e+05,NA,"NonThreatened","reindeer","NT - Other","<a href='https://www.iucnredlist.org/search?query=Rangifer%20tarandus&searchType=species'>https://www.iucnredlist.org/search?query=Rangifer%20tarandus&searchType=species</a>","Scientific Name:  Rangifer tarandus</br>Common Name:  reindeer</br>Threat Status:  NT - Other</br>Country:  Finland"
92,"Raphicerus campestris","ungulates","Bovidae",31.45,-23.82,"WN","terrestrial","South Africa","Africa",0,0,0,0,"Raphicerus_campestris",0.43,10.5,2,NA,"NonThreatened","steenbok","NT - Other","<a href='https://www.iucnredlist.org/search?query=Raphicerus%20campestris&searchType=species'>https://www.iucnredlist.org/search?query=Raphicerus%20campestris&searchType=species</a>","Scientific Name:  Raphicerus campestris</br>Common Name:  steenbok</br>Threat Status:  NT - Other</br>Country:  South Africa"
93,"Redunca fulvorufula","ungulates","Bovidae",25.4,-32.19,"WN","terrestrial","South Africa","Africa",0,0,0,0,"Redunca_fulvorufula",0.07,29.4999,4.75,NA,"NonThreatened","mountain reedbuck","NT - Other","<a href='https://www.iucnredlist.org/search?query=Redunca%20fulvorufula&searchType=species'>https://www.iucnredlist.org/search?query=Redunca%20fulvorufula&searchType=species</a>","Scientific Name:  Redunca fulvorufula</br>Common Name:  mountain reedbuck</br>Threat Status:  NT - Other</br>Country:  South Africa"
94,"Rupicapra rupicapra","ungulates","Bovidae",8.24,46.81,"WN","terrestrial","Switzerland","Europe",0,0,0,0,"Rupicapra_rupicapra",2.66,26.1,1,NA,"NonThreatened","chamois","NT - Other","<a href='https://www.iucnredlist.org/search?query=Rupicapra%20rupicapra&searchType=species'>https://www.iucnredlist.org/search?query=Rupicapra%20rupicapra&searchType=species</a>","Scientific Name:  Rupicapra rupicapra</br>Common Name:  chamois</br>Threat Status:  NT - Other</br>Country:  Switzerland"
95,"Spilogale putorius","carnivores","Mephitidae",-93.34,35.12,"WN","terrestrial","United States of America","North America",0,0,0,0,"Spilogale_putorius",0.29,0.341,NA,NA,"NonThreatened","eastern spotted skunk","NT - Other","<a href='https://www.iucnredlist.org/search?query=Spilogale%20putorius&searchType=species'>https://www.iucnredlist.org/search?query=Spilogale%20putorius&searchType=species</a>","Scientific Name:  Spilogale putorius</br>Common Name:  eastern spotted skunk</br>Threat Status:  NT - Other</br>Country:  United States of America"
96,"Suricata suricatta","carnivores","Herpestidae",22.94,-30.56,"WN","terrestrial","South Africa","Africa",0,0,0,0,"Suricata_suricatta",11.8,0.7255,NA,"group","NonThreatened","meerkat","NT - Other","<a href='https://www.iucnredlist.org/search?query=Suricata%20suricatta&searchType=species'>https://www.iucnredlist.org/search?query=Suricata%20suricatta&searchType=species</a>","Scientific Name:  Suricata suricatta</br>Common Name:  meerkat</br>Threat Status:  NT - Other</br>Country:  South Africa"
97,"Sus celebensis","ungulates","Suinae",121.45,-1.43,"WN","terrestrial","Indonesia","Asia",0,0,0,0,"Sus_celebensis",NA,55,NA,NA,"NonThreatened","Celebes wild boar","NT - Other","<a href='https://www.iucnredlist.org/search?query=Sus%20celebensis&searchType=species'>https://www.iucnredlist.org/search?query=Sus%20celebensis&searchType=species</a>","Scientific Name:  Sus celebensis</br>Common Name:  Celebes wild boar</br>Threat Status:  NT - Other</br>Country:  Indonesia"
98,"Sylvicapra grimmia","ungulates","Bovidae",24.5,-28.48,"WN","terrestrial","South Africa","Africa",0,0,0,0,"Sylvicapra_grimmia",NA,19.4998,1,NA,"NonThreatened","bush duiker","NT - Other","<a href='https://www.iucnredlist.org/search?query=Sylvicapra%20grimmia&searchType=species'>https://www.iucnredlist.org/search?query=Sylvicapra%20grimmia&searchType=species</a>","Scientific Name:  Sylvicapra grimmia</br>Common Name:  bush duiker</br>Threat Status:  NT - Other</br>Country:  South Africa"
99,"Taurotragus oryx","ungulates","Bovidae",36.91,0.28,"WN","terrestrial","Kenya","Africa",1,0,0,0,"Taurotragus_oryx",197,NA,500,NA,"NonThreatened","eland","NT - Other","<a href='https://www.iucnredlist.org/search?query=Taurotragus%20oryx&searchType=species'>https://www.iucnredlist.org/search?query=Taurotragus%20oryx&searchType=species</a>","Scientific Name:  Taurotragus oryx</br>Common Name:  eland</br>Threat Status:  NT - Other</br>Country:  Kenya"
100,"Taxidea taxus","carnivores","Mustelidae",-119.42,36.78,"WN","terrestrial","United States of America","North America",0,0,0,0,"Taxidea_taxus",3.45,7.1076,NA,"non_group","NonThreatened","American badger","NT - Other","<a href='https://www.iucnredlist.org/search?query=Taxidea%20taxus&searchType=species'>https://www.iucnredlist.org/search?query=Taxidea%20taxus&searchType=species</a>","Scientific Name:  Taxidea taxus</br>Common Name:  American badger</br>Threat Status:  NT - Other</br>Country:  United States of America"
101,"Tayassu pecari","ungulates","Tayassuidae",-60.77,-14.36,"WN","terrestrial","Bolivia","South America",0,0,0,0,"Tayassu_pecari",41.7,32.2337,103,NA,"NonThreatened","white-lipped peccary","NT - Other","<a href='https://www.iucnredlist.org/search?query=Tayassu%20pecari&searchType=species'>https://www.iucnredlist.org/search?query=Tayassu%20pecari&searchType=species</a>","Scientific Name:  Tayassu pecari</br>Common Name:  white-lipped peccary</br>Threat Status:  NT - Other</br>Country:  Bolivia"
102,"Tragelaphus eurycerus","ungulates","Bovidae",16.6,2.5,"WN","terrestrial","Republic of the Congo","Africa",1,0,1,0,"Tragelaphus_eurycerus",NA,329.0031,13.5,NA,"NonThreatened","bongo","NT - Other","<a href='https://www.iucnredlist.org/search?query=Tragelaphus%20eurycerus&searchType=species'>https://www.iucnredlist.org/search?query=Tragelaphus%20eurycerus&searchType=species</a>","Scientific Name:  Tragelaphus eurycerus</br>Common Name:  bongo</br>Threat Status:  NT - Other</br>Country:  Republic of the Congo"
103,"Tragelaphus scriptus","ungulates","Bovidae",31.02,-29.9,"WN","terrestrial","South Africa","Africa",0,0,0,0,"Tragelaphus_scriptus",0.02,43.2504,1,NA,"NonThreatened","bushbuck","NT - Other","<a href='https://www.iucnredlist.org/search?query=Tragelaphus%20scriptus&searchType=species'>https://www.iucnredlist.org/search?query=Tragelaphus%20scriptus&searchType=species</a>","Scientific Name:  Tragelaphus scriptus</br>Common Name:  bushbuck</br>Threat Status:  NT - Other</br>Country:  South Africa"
104,"Tragelaphus spekii","ungulates","Bovidae",32.46,0.05,"WN","terrestrial","Uganda","Africa",1,0,1,0,"Tragelaphus_spekii",NA,77.9992,6,NA,"NonThreatened","Sitatunga","NT - Other","<a href='https://www.iucnredlist.org/search?query=Tragelaphus%20spekii&searchType=species'>https://www.iucnredlist.org/search?query=Tragelaphus%20spekii&searchType=species</a>","Scientific Name:  Tragelaphus spekii</br>Common Name:  Sitatunga</br>Threat Status:  NT - Other</br>Country:  Uganda"
105,"Urocyon cinereoargenteus","carnivores","Canidae",-94.69,46.73,"WN","terrestrial","United States of America","North America",0,0,0,0,"Urocyon_cinereoargenteus",1.84,3.8337,NA,"non_group","NonThreatened","gray fox","NT - Other","<a href='https://www.iucnredlist.org/search?query=Urocyon%20cinereoargenteus&searchType=species'>https://www.iucnredlist.org/search?query=Urocyon%20cinereoargenteus&searchType=species</a>","Scientific Name:  Urocyon cinereoargenteus</br>Common Name:  gray fox</br>Threat Status:  NT - Other</br>Country:  United States of America"
106,"Ursus americanus","carnivores","Ursidae",-81.52,27.66,"WN","terrestrial","United States of America","North America",0,0,0,0,"Ursus_americanus",31.3,99.9494,NA,"non_group","NonThreatened","American black bear","NT - Other","<a href='https://www.iucnredlist.org/search?query=Ursus%20americanus&searchType=species'>https://www.iucnredlist.org/search?query=Ursus%20americanus&searchType=species</a>","Scientific Name:  Ursus americanus</br>Common Name:  American black bear</br>Threat Status:  NT - Other</br>Country:  United States of America"
107,"Ursus arctos","carnivores","Ursidae",-124.85,64.83,"WN","terrestrial","Canada","North America",0,0,0,0,"Ursus_arctos",312,180.5204,NA,"non_group","NonThreatened","brown bear","NT - Other","<a href='https://www.iucnredlist.org/search?query=Ursus%20arctos&searchType=species'>https://www.iucnredlist.org/search?query=Ursus%20arctos&searchType=species</a>","Scientific Name:  Ursus arctos</br>Common Name:  brown bear</br>Threat Status:  NT - Other</br>Country:  Canada"
108,"Ursus maritimus","carnivores","Ursidae",16,78,"WN","terrestrial/marine","Norway","Europe",1,0,1,0,"Ursus_maritimus",77500,388.7504,1,"non_group","NonThreatened","polar bear","NT - Other","<a href='https://www.iucnredlist.org/search?query=Ursus%20maritimus&searchType=species'>https://www.iucnredlist.org/search?query=Ursus%20maritimus&searchType=species</a>","Scientific Name:  Ursus maritimus</br>Common Name:  polar bear</br>Threat Status:  NT - Other</br>Country:  Norway"
109,"Vulpes corsac","carnivores","Canidae",111.77,40.82,"WN","terrestrial","China","Asia",0,0,0,0,"Vulpes_corsac",NA,2.4,NA,"group","NonThreatened","Corsac fox","NT - Other","<a href='https://www.iucnredlist.org/search?query=Vulpes%20corsac&searchType=species'>https://www.iucnredlist.org/search?query=Vulpes%20corsac&searchType=species</a>","Scientific Name:  Vulpes corsac</br>Common Name:  Corsac fox</br>Threat Status:  NT - Other</br>Country:  China"
110,"Vulpes velox","carnivores","Canidae",-99.9,31.97,"WN","terrestrial","United States of America","North America",0,0,0,0,"Vulpes_velox",7.95,2.1975,NA,"non_group","NonThreatened","swift fox","NT - Other","<a href='https://www.iucnredlist.org/search?query=Vulpes%20velox&searchType=species'>https://www.iucnredlist.org/search?query=Vulpes%20velox&searchType=species</a>","Scientific Name:  Vulpes velox</br>Common Name:  swift fox</br>Threat Status:  NT - Other</br>Country:  United States of America"
111,"Vulpes vulpes","carnivores","Canidae",12.08,42.79,"WN","terrestrial","Italy","Europe",0,0,0,0,"Vulpes_vulpes",3.53,5.3182,NA,"non_group","NonThreatened","red fox","NT - Other","<a href='https://www.iucnredlist.org/search?query=Vulpes%20vulpes&searchType=species'>https://www.iucnredlist.org/search?query=Vulpes%20vulpes&searchType=species</a>","Scientific Name:  Vulpes vulpes</br>Common Name:  red fox</br>Threat Status:  NT - Other</br>Country:  Italy"
112,"Zalophus californianus","carnivores","Otariidae",-110.71,26.73,"WN","marine",NA,NA,0,0,0,0,"Zalophus_californianus",NA,80,NA,NA,"NonThreatened","California sea lion","NT - Other","<a href='https://www.iucnredlist.org/search?query=Zalophus%20californianus&searchType=species'>https://www.iucnredlist.org/search?query=Zalophus%20californianus&searchType=species</a>","Scientific Name:  Zalophus californianus</br>Common Name:  California sea lion</br>Threat Status:  NT - Other</br>Country:  NA"
113,"Acinonyx jubatus","carnivores","Felidae",18.49,-22.96,"WN","terrestrial","Namibia","Africa",2,1,1,0,"Acinonyx_jubatus",89.2,46.7,NA,"non_group","ThreatOther","cheetah","T - Other","<a href='https://www.iucnredlist.org/search?query=Acinonyx%20jubatus&searchType=species'>https://www.iucnredlist.org/search?query=Acinonyx%20jubatus&searchType=species</a>","Scientific Name:  Acinonyx jubatus</br>Common Name:  cheetah</br>Threat Status:  T - Other</br>Country:  Namibia"
114,"Aepyceros melampus","ungulates","Bovidae",36.91,0.28,"WN","terrestrial","Kenya","Africa",2,1,1,0,"Aepyceros_melampus",1.99,52.5001,15.25,NA,"ThreatOther","impala","T - Other","<a href='https://www.iucnredlist.org/search?query=Aepyceros%20melampus&searchType=species'>https://www.iucnredlist.org/search?query=Aepyceros%20melampus&searchType=species</a>","Scientific Name:  Aepyceros melampus</br>Common Name:  impala</br>Threat Status:  T - Other</br>Country:  Kenya"
115,"Ailuropoda melanoleuca","carnivores","Ursidae",104.2,35.86,"WN","terrestrial","China","Asia",3,1,1,0,"Ailuropoda_melanoleuca",3.56,108.4,NA,"non_group","ThreatOther","giant panda","T - Other","<a href='https://www.iucnredlist.org/search?query=Ailuropoda%20melanoleuca&searchType=species'>https://www.iucnredlist.org/search?query=Ailuropoda%20melanoleuca&searchType=species</a>","Scientific Name:  Ailuropoda melanoleuca</br>Common Name:  giant panda</br>Threat Status:  T - Other</br>Country:  China"
116,"Bison bison","ungulates","Bovidae",-110.88,45.05,"WN","terrestrial","United States of America","North America",2,1,1,0,"Bison_bison",47.7,579.2553,515,NA,"ThreatOther","American bison","T - Other","<a href='https://www.iucnredlist.org/search?query=Bison%20bison&searchType=species'>https://www.iucnredlist.org/search?query=Bison%20bison&searchType=species</a>","Scientific Name:  Bison bison</br>Common Name:  American bison</br>Threat Status:  T - Other</br>Country:  United States of America"
117,"Bison bonasus","ungulates","Bovidae",22.64,49.11,"WN","terrestrial","Poland","Europe",3,1,1,0,"Bison_bonasus",7.92,500,35,NA,"ThreatOther","European bison","T - Other","<a href='https://www.iucnredlist.org/search?query=Bison%20bonasus&searchType=species'>https://www.iucnredlist.org/search?query=Bison%20bonasus&searchType=species</a>","Scientific Name:  Bison bonasus</br>Common Name:  European bison</br>Threat Status:  T - Other</br>Country:  Poland"
118,"Blastocerus dichotomus","ungulates","Cervidae",-56.77,-19.13,"WN","terrestrial","Brazil","South America",2,1,1,0,"Blastocerus_dichotomus",NA,86.6662,3,NA,"ThreatOther","marsh deer","T - Other","<a href='https://www.iucnredlist.org/search?query=Blastocerus%20dichotomus&searchType=species'>https://www.iucnredlist.org/search?query=Blastocerus%20dichotomus&searchType=species</a>","Scientific Name:  Blastocerus dichotomus</br>Common Name:  marsh deer</br>Threat Status:  T - Other</br>Country:  Brazil"
119,"Callorhinus ursinus","carnivores","Otariidae",-170.28,57.12,"WN","marine",NA,NA,2,1,1,0,"Callorhinus_ursinus",NA,45.133,NA,"non_group","ThreatOther","northern fur seal","T - Other","<a href='https://www.iucnredlist.org/search?query=Callorhinus%20ursinus&searchType=species'>https://www.iucnredlist.org/search?query=Callorhinus%20ursinus&searchType=species</a>","Scientific Name:  Callorhinus ursinus</br>Common Name:  northern fur seal</br>Threat Status:  T - Other</br>Country:  NA"
120,"Catopuma temminckii","carnivores","Felidae",101.36,16.08,"WN","terrestrial","Thailand","Asia",2,1,1,0,"Catopuma_temminckii",NA,11.5,NA,"non_group","ThreatOther","Asiatic golden cat","T - Other","<a href='https://www.iucnredlist.org/search?query=Catopuma%20temminckii&searchType=species'>https://www.iucnredlist.org/search?query=Catopuma%20temminckii&searchType=species</a>","Scientific Name:  Catopuma temminckii</br>Common Name:  Asiatic golden cat</br>Threat Status:  T - Other</br>Country:  Thailand"
121,"Chrotogale owstoni","carnivores","Viverridae",108.28,14.06,NA,"terrestrial","Vietnam","Asia",2,1,1,0,"Chrotogale_owstoni",NA,3.25,NA,"non_group","ThreatOther","Owston's palm civet","T - Other","<a href='https://www.iucnredlist.org/search?query=Chrotogale%20owstoni&searchType=species'>https://www.iucnredlist.org/search?query=Chrotogale%20owstoni&searchType=species</a>","Scientific Name:  Chrotogale owstoni</br>Common Name:  Owston's palm civet</br>Threat Status:  T - Other</br>Country:  Vietnam"
122,"Damaliscus pygargus","ungulates","Bovidae",20.47,-34.07,"WN","terrestrial","South Africa","Africa",2,1,1,0,"Damaliscus_pygargus",NA,102,NA,NA,"ThreatOther","bontebok","T - Other","<a href='https://www.iucnredlist.org/search?query=Damaliscus%20pygargus&searchType=species'>https://www.iucnredlist.org/search?query=Damaliscus%20pygargus&searchType=species</a>","Scientific Name:  Damaliscus pygargus</br>Common Name:  bontebok</br>Threat Status:  T - Other</br>Country:  South Africa"
123,"Diceros bicornis","ungulates","Rhinocerotidae",25.75,-33.48,"WN","terrestrial","South Africa","Africa",4,1,1,0,"Diceros_bicornis",11.6,1180.5109,1,NA,"ThreatOther","black rhinoceros","T - Other","<a href='https://www.iucnredlist.org/search?query=Diceros%20bicornis&searchType=species'>https://www.iucnredlist.org/search?query=Diceros%20bicornis&searchType=species</a>","Scientific Name:  Diceros bicornis</br>Common Name:  black rhinoceros</br>Threat Status:  T - Other</br>Country:  South Africa"
124,"Enhydra lutris","carnivores","Mustelidae",-121.57,38.39,"WN","marine","United States of America","North America",3,1,1,0,"Enhydra_lutris",3.44,23.5,NA,"non_group","ThreatOther","sea otter","T - Other","<a href='https://www.iucnredlist.org/search?query=Enhydra%20lutris&searchType=species'>https://www.iucnredlist.org/search?query=Enhydra%20lutris&searchType=species</a>","Scientific Name:  Enhydra lutris</br>Common Name:  sea otter</br>Threat Status:  T - Other</br>Country:  United States of America"
125,"Equus grevyi","ungulates","Equidae",37.32,0.98,"WO","terrestrial","Kenya","Africa",3,1,1,0,"Equus_grevyi",NA,407.9998,NA,NA,"ThreatOther","Grevy's zebra","T - Other","<a href='https://www.iucnredlist.org/search?query=Equus%20grevyi&searchType=species'>https://www.iucnredlist.org/search?query=Equus%20grevyi&searchType=species</a>","Scientific Name:  Equus grevyi</br>Common Name:  Grevy's zebra</br>Threat Status:  T - Other</br>Country:  Kenya"
126,"Equus zebra","ungulates","Equidae",25.4,-32.19,"WN","terrestrial","South Africa","Africa",3,1,1,0,"Equus_zebra",7.43,286.9987,8.5,NA,"ThreatOther","mountain zebra","T - Other","<a href='https://www.iucnredlist.org/search?query=Equus%20zebra&searchType=species'>https://www.iucnredlist.org/search?query=Equus%20zebra&searchType=species</a>","Scientific Name:  Equus zebra</br>Common Name:  mountain zebra</br>Threat Status:  T - Other</br>Country:  South Africa"
127,"Giraffa camelopardalis","ungulates","Giraffidae",31.45,-23.82,"WN","terrestrial","South Africa","Africa",2,1,1,0,"Giraffa_camelopardalis",82.5,899.9948,100,NA,"ThreatOther","giraffe","T - Other","<a href='https://www.iucnredlist.org/search?query=Giraffa%20camelopardalis&searchType=species'>https://www.iucnredlist.org/search?query=Giraffa%20camelopardalis&searchType=species</a>","Scientific Name:  Giraffa camelopardalis</br>Common Name:  giraffe</br>Threat Status:  T - Other</br>Country:  South Africa"
128,"Gulo gulo","carnivores","Mustelidae",-152.25,68.2,"WN","terrestrial","United States of America","North America",2,1,1,0,"Gulo_gulo",344,17.0126,1,"non_group","ThreatOther","wolverine","T - Other","<a href='https://www.iucnredlist.org/search?query=Gulo%20gulo&searchType=species'>https://www.iucnredlist.org/search?query=Gulo%20gulo&searchType=species</a>","Scientific Name:  Gulo gulo</br>Common Name:  wolverine</br>Threat Status:  T - Other</br>Country:  United States of America"
129,"Hippotragus equinus","ungulates","Bovidae",31.89,-21.06,"WN","terrestrial","Zimbabwe","Africa",2,1,1,0,"Hippotragus_equinus",NA,269.9977,12,NA,"ThreatOther","roan antelope","T - Other","<a href='https://www.iucnredlist.org/search?query=Hippotragus%20equinus&searchType=species'>https://www.iucnredlist.org/search?query=Hippotragus%20equinus&searchType=species</a>","Scientific Name:  Hippotragus equinus</br>Common Name:  roan antelope</br>Threat Status:  T - Other</br>Country:  Zimbabwe"
130,"Hippotragus niger","ungulates","Bovidae",31.68,-21.34,"WN","terrestrial","Zimbabwe","Africa",2,1,1,0,"Hippotragus_niger",NA,227.4993,15,NA,"ThreatOther","sable antelope","T - Other","<a href='https://www.iucnredlist.org/search?query=Hippotragus%20niger&searchType=species'>https://www.iucnredlist.org/search?query=Hippotragus%20niger&searchType=species</a>","Scientific Name:  Hippotragus niger</br>Common Name:  sable antelope</br>Threat Status:  T - Other</br>Country:  Zimbabwe"
131,"Kobus ellipsiprymnus","ungulates","Bovidae",25.75,-18.26,"WN","terrestrial","Zimbabwe","Africa",2,1,1,0,"Kobus_ellipsiprymnus",1.3,210.0003,12,NA,"ThreatOther","waterbuck","T - Other","<a href='https://www.iucnredlist.org/search?query=Kobus%20ellipsiprymnus&searchType=species'>https://www.iucnredlist.org/search?query=Kobus%20ellipsiprymnus&searchType=species</a>","Scientific Name:  Kobus ellipsiprymnus</br>Common Name:  waterbuck</br>Threat Status:  T - Other</br>Country:  Zimbabwe"
132,"Kobus kob","ungulates","Bovidae",32.29,1.37,"WN","terrestrial","Uganda","Africa",2,1,1,0,"Kobus_kob",101,78.5001,112.5,NA,"ThreatOther","kob","T - Other","<a href='https://www.iucnredlist.org/search?query=Kobus%20kob&searchType=species'>https://www.iucnredlist.org/search?query=Kobus%20kob&searchType=species</a>","Scientific Name:  Kobus kob</br>Common Name:  kob</br>Threat Status:  T - Other</br>Country:  Uganda"
133,"Kobus leche","ungulates","Bovidae",27.33,-15.69,"WN","terrestrial","Zambia","Africa",2,1,1,0,"Kobus_leche",NA,110.749,20,NA,"ThreatOther","lechwe","T - Other","<a href='https://www.iucnredlist.org/search?query=Kobus%20leche&searchType=species'>https://www.iucnredlist.org/search?query=Kobus%20leche&searchType=species</a>","Scientific Name:  Kobus leche</br>Common Name:  lechwe</br>Threat Status:  T - Other</br>Country:  Zambia"
134,"Lynx pardinus","carnivores","Felidae",-3.75,40.46,"WN","terrestrial","Spain","Europe",4,1,1,0,"Lynx_pardinus",7.24,9.4,NA,"non_group","ThreatOther","Spanish lynx","T - Other","<a href='https://www.iucnredlist.org/search?query=Lynx%20pardinus&searchType=species'>https://www.iucnredlist.org/search?query=Lynx%20pardinus&searchType=species</a>","Scientific Name:  Lynx pardinus</br>Common Name:  Spanish lynx</br>Threat Status:  T - Other</br>Country:  Spain"
135,"Monachus schauinslandi","carnivores","Phocidae",-157.02,21.14,"WN","marine","United States of America","North America",3,1,1,0,"Monachus_schauinslandi",NA,NA,NA,"non_group","ThreatOther","Hawaiian monk seal","T - Other","<a href='https://www.iucnredlist.org/search?query=Monachus%20schauinslandi&searchType=species'>https://www.iucnredlist.org/search?query=Monachus%20schauinslandi&searchType=species</a>","Scientific Name:  Monachus schauinslandi</br>Common Name:  Hawaiian monk seal</br>Threat Status:  T - Other</br>Country:  United States of America"
136,"Mustela lutreola","carnivores","Mustelidae",-3.65,40.23,"WN","terrestrial","Spain","Europe",3,1,1,0,"Mustela_lutreola",0.17,0.44,NA,"non_group","ThreatOther","European mink","T - Other","<a href='https://www.iucnredlist.org/search?query=Mustela%20lutreola&searchType=species'>https://www.iucnredlist.org/search?query=Mustela%20lutreola&searchType=species</a>","Scientific Name:  Mustela lutreola</br>Common Name:  European mink</br>Threat Status:  T - Other</br>Country:  Spain"
137,"Mustela nigripes","carnivores","Mustelidae",-108.87,44.16,"WN","terrestrial","United States of America","North America",5,1,1,0,"Mustela_nigripes",0.84,0.85,NA,"non_group","ThreatOther","black-footed ferret","T - Other","<a href='https://www.iucnredlist.org/search?query=Mustela%20nigripes&searchType=species'>https://www.iucnredlist.org/search?query=Mustela%20nigripes&searchType=species</a>","Scientific Name:  Mustela nigripes</br>Common Name:  black-footed ferret</br>Threat Status:  T - Other</br>Country:  United States of America"
138,"Neotragus moschatus","ungulates","Bovidae",32.47,-26.95,"WN","terrestrial","South Africa","Africa",2,1,1,0,"Neotragus_moschatus",NA,NA,1.5,NA,"ThreatOther","suni","T - Other","<a href='https://www.iucnredlist.org/search?query=Neotragus%20moschatus&searchType=species'>https://www.iucnredlist.org/search?query=Neotragus%20moschatus&searchType=species</a>","Scientific Name:  Neotragus moschatus</br>Common Name:  suni</br>Threat Status:  T - Other</br>Country:  South Africa"
139,"Oreotragus oreotragus","ungulates","Bovidae",31.89,-21.06,"WN","terrestrial","Zimbabwe","Africa",2,1,1,0,"Oreotragus_oreotragus",NA,12.9999,2,NA,"ThreatOther","klipspringer","T - Other","<a href='https://www.iucnredlist.org/search?query=Oreotragus%20oreotragus&searchType=species'>https://www.iucnredlist.org/search?query=Oreotragus%20oreotragus&searchType=species</a>","Scientific Name:  Oreotragus oreotragus</br>Common Name:  klipspringer</br>Threat Status:  T - Other</br>Country:  Zimbabwe"
140,"Oryx gazella","ungulates","Bovidae",21.04,-25.19,"WN","terrestrial","Botswana","Africa",2,1,1,0,"Oryx_gazella",NA,169.0013,30,NA,"ThreatOther","gemsbok","T - Other","<a href='https://www.iucnredlist.org/search?query=Oryx%20gazella&searchType=species'>https://www.iucnredlist.org/search?query=Oryx%20gazella&searchType=species</a>","Scientific Name:  Oryx gazella</br>Common Name:  gemsbok</br>Threat Status:  T - Other</br>Country:  Botswana"
141,"Ourebia ourebi","ungulates","Bovidae",31.27,-25.17,"WN","terrestrial","South Africa","Africa",2,1,1,0,"Ourebia_ourebi",NA,17.25,2,NA,"ThreatOther","oribi","T - Other","<a href='https://www.iucnredlist.org/search?query=Ourebia%20ourebi&searchType=species'>https://www.iucnredlist.org/search?query=Ourebia%20ourebi&searchType=species</a>","Scientific Name:  Ourebia ourebi</br>Common Name:  oribi</br>Threat Status:  T - Other</br>Country:  South Africa"
142,"Ovis ammon","ungulates","Bovidae",69.35,-49.39,"WN","terrestrial","French Southern and Antarctic Lands",NA,2,1,1,0,"Ovis_ammon",4.59,180,NA,NA,"ThreatOther","argali","T - Other","<a href='https://www.iucnredlist.org/search?query=Ovis%20ammon&searchType=species'>https://www.iucnredlist.org/search?query=Ovis%20ammon&searchType=species</a>","Scientific Name:  Ovis ammon</br>Common Name:  argali</br>Threat Status:  T - Other</br>Country:  French Southern and Antarctic Lands"
143,"Panthera leo","carnivores","Felidae",23.95,-17.82,"WN","terrestrial","Namibia","Africa",2,1,1,0,"Panthera_leo",56.1,161.4991,NA,"group","ThreatOther","lion","T - Other","<a href='https://www.iucnredlist.org/search?query=Panthera%20leo&searchType=species'>https://www.iucnredlist.org/search?query=Panthera%20leo&searchType=species</a>","Scientific Name:  Panthera leo</br>Common Name:  lion</br>Threat Status:  T - Other</br>Country:  Namibia"
144,"Raphicerus melanotis","ungulates","Bovidae",26.47,-32.14,"WN","terrestrial","South Africa","Africa",2,1,1,0,"Raphicerus_melanotis",NA,10.2499,1.5,NA,"ThreatOther","Cape grysbok","T - Other","<a href='https://www.iucnredlist.org/search?query=Raphicerus%20melanotis&searchType=species'>https://www.iucnredlist.org/search?query=Raphicerus%20melanotis&searchType=species</a>","Scientific Name:  Raphicerus melanotis</br>Common Name:  Cape grysbok</br>Threat Status:  T - Other</br>Country:  South Africa"
145,"Redunca arundinum","ungulates","Bovidae",31.02,-29.9,"WN","terrestrial","South Africa","Africa",2,1,1,0,"Redunca_arundinum",NA,58.0003,1.75,NA,"ThreatOther","southern reedbuck","T - Other","<a href='https://www.iucnredlist.org/search?query=Redunca%20arundinum&searchType=species'>https://www.iucnredlist.org/search?query=Redunca%20arundinum&searchType=species</a>","Scientific Name:  Redunca arundinum</br>Common Name:  southern reedbuck</br>Threat Status:  T - Other</br>Country:  South Africa"
146,"Redunca redunca","ungulates","Bovidae",35.39,12.82,"WN","terrestrial","Sudan","Africa",2,1,1,0,"Redunca_redunca",NA,44.0504,NA,NA,"ThreatOther","Bohar reedbuck","T - Other","<a href='https://www.iucnredlist.org/search?query=Redunca%20redunca&searchType=species'>https://www.iucnredlist.org/search?query=Redunca%20redunca&searchType=species</a>","Scientific Name:  Redunca redunca</br>Common Name:  Bohar reedbuck</br>Threat Status:  T - Other</br>Country:  Sudan"
147,"Rupicapra pyrenaica","ungulates","Bovidae",1.52,41.59,"WN","terrestrial","Spain","Europe",2,1,1,0,"Rupicapra_pyrenaica",NA,30,NA,NA,"ThreatOther","Pyrenean chamois","T - Other","<a href='https://www.iucnredlist.org/search?query=Rupicapra%20pyrenaica&searchType=species'>https://www.iucnredlist.org/search?query=Rupicapra%20pyrenaica&searchType=species</a>","Scientific Name:  Rupicapra pyrenaica</br>Common Name:  Pyrenean chamois</br>Threat Status:  T - Other</br>Country:  Spain"
148,"Speothos venaticus","carnivores","Canidae",-51.93,-14.24,"WN","terrestrial","Brazil","South America",2,1,1,0,"Speothos_venaticus",NA,6,NA,"group","ThreatOther","bush dog","T - Other","<a href='https://www.iucnredlist.org/search?query=Speothos%20venaticus&searchType=species'>https://www.iucnredlist.org/search?query=Speothos%20venaticus&searchType=species</a>","Scientific Name:  Speothos venaticus</br>Common Name:  bush dog</br>Threat Status:  T - Other</br>Country:  Brazil"
149,"Tapirus terrestris","ungulates","Tapiridae",-78.79,-5.73,"WN","terrestrial","Peru","South America",2,1,1,0,"Tapirus_terrestris",NA,207.5009,1,NA,"ThreatOther","Brazilian tapir","T - Other","<a href='https://www.iucnredlist.org/search?query=Tapirus%20terrestris&searchType=species'>https://www.iucnredlist.org/search?query=Tapirus%20terrestris&searchType=species</a>","Scientific Name:  Tapirus terrestris</br>Common Name:  Brazilian tapir</br>Threat Status:  T - Other</br>Country:  Peru"
150,"Tragelaphus angasii","ungulates","Bovidae",30.9,-28.53,"WN","terrestrial","South Africa","Africa",2,1,1,0,"Tragelaphus_angasii",1.66,86.6004,15.5,NA,"ThreatOther","nyala","T - Other","<a href='https://www.iucnredlist.org/search?query=Tragelaphus%20angasii&searchType=species'>https://www.iucnredlist.org/search?query=Tragelaphus%20angasii&searchType=species</a>","Scientific Name:  Tragelaphus angasii</br>Common Name:  nyala</br>Threat Status:  T - Other</br>Country:  South Africa"
151,"Tragelaphus strepsiceros","ungulates","Bovidae",31.45,-23.82,"WN","terrestrial","South Africa","Africa",2,1,1,0,"Tragelaphus_strepsiceros",835,213.501,12,NA,"ThreatOther","greater kudu","T - Other","<a href='https://www.iucnredlist.org/search?query=Tragelaphus%20strepsiceros&searchType=species'>https://www.iucnredlist.org/search?query=Tragelaphus%20strepsiceros&searchType=species</a>","Scientific Name:  Tragelaphus strepsiceros</br>Common Name:  greater kudu</br>Threat Status:  T - Other</br>Country:  South Africa"
152,"Ursus thibetanus","carnivores","Ursidae",136.72,35.39,"WN","terrestrial","Japan","Asia",2,1,1,0,"Ursus_thibetanus",0.7,77.5,NA,"non_group","ThreatOther","Asiatic black bear","T - Other","<a href='https://www.iucnredlist.org/search?query=Ursus%20thibetanus&searchType=species'>https://www.iucnredlist.org/search?query=Ursus%20thibetanus&searchType=species</a>","Scientific Name:  Ursus thibetanus</br>Common Name:  Asiatic black bear</br>Threat Status:  T - Other</br>Country:  Japan"
153,"Alcelaphus buselaphus","ungulates","Bovidae",29.98,-31.3,NA,"terrestrial","South Africa","Africa",2,1,1,1,"Alcelaphus_buselaphus",2.75,171.0015,20,NA,"ThreatDisease","hartebeest","T - Disease","<a href='https://www.iucnredlist.org/search?query=Alcelaphus%20buselaphus&searchType=species'>https://www.iucnredlist.org/search?query=Alcelaphus%20buselaphus&searchType=species</a>","Scientific Name:  Alcelaphus buselaphus</br>Common Name:  hartebeest</br>Threat Status:  T - Disease</br>Country:  South Africa"
154,"Antidorcas marsupialis","ungulates","Bovidae",21.04,-25.19,"WN","terrestrial","Botswana","Africa",2,1,1,1,"Antidorcas_marsupialis",NA,31.5,3000,NA,"ThreatDisease","springbok","T - Disease","<a href='https://www.iucnredlist.org/search?query=Antidorcas%20marsupialis&searchType=species'>https://www.iucnredlist.org/search?query=Antidorcas%20marsupialis&searchType=species</a>","Scientific Name:  Antidorcas marsupialis</br>Common Name:  springbok</br>Threat Status:  T - Disease</br>Country:  Botswana"
155,"Bos frontalis","ungulates","Bovidae",92.94,26.2,"WO","terrestrial","India","Asia",2,1,1,1,"Bos_frontalis",NA,NA,40,NA,"ThreatDisease","gayal","T - Disease","<a href='https://www.iucnredlist.org/search?query=Bos%20frontalis&searchType=species'>https://www.iucnredlist.org/search?query=Bos%20frontalis&searchType=species</a>","Scientific Name:  Bos frontalis</br>Common Name:  gayal</br>Threat Status:  T - Disease</br>Country:  India"
156,"Bos grunniens","ungulates","Bovidae",92.94,26.2,"WO","terrestrial","India","Asia",2,1,1,1,"Bos_grunniens",NA,NA,110,NA,"ThreatDisease","domestic yak","T - Disease","<a href='https://www.iucnredlist.org/search?query=Bos%20grunniens&searchType=species'>https://www.iucnredlist.org/search?query=Bos%20grunniens&searchType=species</a>","Scientific Name:  Bos grunniens</br>Common Name:  domestic yak</br>Threat Status:  T - Disease</br>Country:  India"
157,"Canis simensis","carnivores","Canidae",39.86,6.84,"WN","terrestrial","Ethiopia","Africa",3,1,1,1,"Canis_simensis",4.21,10,NA,"group","ThreatDisease","Ethiopian wolf","T - Disease","<a href='https://www.iucnredlist.org/search?query=Canis%20simensis&searchType=species'>https://www.iucnredlist.org/search?query=Canis%20simensis&searchType=species</a>","Scientific Name:  Canis simensis</br>Common Name:  Ethiopian wolf</br>Threat Status:  T - Disease</br>Country:  Ethiopia"
158,"Connochaetes taurinus","ungulates","Bovidae",31.45,-23.82,"WN","terrestrial","South Africa","Africa",2,1,1,1,"Connochaetes_taurinus",NA,179.999,20,NA,"ThreatDisease","brindled gnu","T - Disease","<a href='https://www.iucnredlist.org/search?query=Connochaetes%20taurinus&searchType=species'>https://www.iucnredlist.org/search?query=Connochaetes%20taurinus&searchType=species</a>","Scientific Name:  Connochaetes taurinus</br>Common Name:  brindled gnu</br>Threat Status:  T - Disease</br>Country:  South Africa"
159,"Damaliscus lunatus","ungulates","Bovidae",28.68,-24.65,"WN","terrestrial","South Africa","Africa",2,1,1,1,"Damaliscus_lunatus",NA,136.0003,3.6,NA,"ThreatDisease","topi","T - Disease","<a href='https://www.iucnredlist.org/search?query=Damaliscus%20lunatus&searchType=species'>https://www.iucnredlist.org/search?query=Damaliscus%20lunatus&searchType=species</a>","Scientific Name:  Damaliscus lunatus</br>Common Name:  topi</br>Threat Status:  T - Disease</br>Country:  South Africa"
160,"Eumetopias jubatus","carnivores","Otariidae",-178.14,56.91,"WN","marine",NA,NA,3,1,1,1,"Eumetopias_jubatus",NA,310,NA,"group","ThreatDisease","Steller sea lion","T - Disease","<a href='https://www.iucnredlist.org/search?query=Eumetopias%20jubatus&searchType=species'>https://www.iucnredlist.org/search?query=Eumetopias%20jubatus&searchType=species</a>","Scientific Name:  Eumetopias jubatus</br>Common Name:  Steller sea lion</br>Threat Status:  T - Disease</br>Country:  NA"
161,"Lycaon pictus","carnivores","Canidae",22.64,-19.3,"WN","terrestrial","Botswana","Africa",3,1,1,1,"Lycaon_pictus",403,22.0501,NA,"group","ThreatDisease","African hunting dog","T - Disease","<a href='https://www.iucnredlist.org/search?query=Lycaon%20pictus&searchType=species'>https://www.iucnredlist.org/search?query=Lycaon%20pictus&searchType=species</a>","Scientific Name:  Lycaon pictus</br>Common Name:  African hunting dog</br>Threat Status:  T - Disease</br>Country:  Botswana"
162,"Monachus monachus","carnivores","Phocidae",22.98,39.04,"WN","marine",NA,NA,4,1,1,1,"Monachus_monachus",NA,292.5,NA,"non_group","ThreatDisease","Mediterranean monk seal","T - Disease","<a href='https://www.iucnredlist.org/search?query=Monachus%20monachus&searchType=species'>https://www.iucnredlist.org/search?query=Monachus%20monachus&searchType=species</a>","Scientific Name:  Monachus monachus</br>Common Name:  Mediterranean monk seal</br>Threat Status:  T - Disease</br>Country:  NA"
163,"Ovis canadensis","ungulates","Bovidae",-112.56,45.71,"WN","terrestrial","United States of America","North America",2,1,1,1,"Ovis_canadensis",19,74.6449,5.5,NA,"ThreatDisease","bighorn sheep","T - Disease","<a href='https://www.iucnredlist.org/search?query=Ovis%20canadensis&searchType=species'>https://www.iucnredlist.org/search?query=Ovis%20canadensis&searchType=species</a>","Scientific Name:  Ovis canadensis</br>Common Name:  bighorn sheep</br>Threat Status:  T - Disease</br>Country:  United States of America"
164,"Syncerus caffer","ungulates","Bovidae",36.91,0.28,"WN","terrestrial","Kenya","Africa",2,1,1,1,"Syncerus_caffer",63.8,580.0027,1506,NA,"ThreatDisease","African buffalo","T - Disease","<a href='https://www.iucnredlist.org/search?query=Syncerus%20caffer&searchType=species'>https://www.iucnredlist.org/search?query=Syncerus%20caffer&searchType=species</a>","Scientific Name:  Syncerus caffer</br>Common Name:  African buffalo</br>Threat Status:  T - Disease</br>Country:  Kenya"
165,"Tragelaphus imberbis","ungulates","Bovidae",38.14,-3.33,"WN","terrestrial","Kenya","Africa",2,1,1,1,"Tragelaphus_imberbis",NA,81.5755,3,NA,"ThreatDisease","lesser kudu","T - Disease","<a href='https://www.iucnredlist.org/search?query=Tragelaphus%20imberbis&searchType=species'>https://www.iucnredlist.org/search?query=Tragelaphus%20imberbis&searchType=species</a>","Scientific Name:  Tragelaphus imberbis</br>Common Name:  lesser kudu</br>Threat Status:  T - Disease</br>Country:  Kenya"
166,"Urocyon littoralis","carnivores","Canidae",-118.42,33.39,"WN","terrestrial","United States of America","North America",4,1,1,1,"Urocyon_littoralis",0.42,1.896,NA,"non_group","ThreatDisease","island gray fox","T - Disease","<a href='https://www.iucnredlist.org/search?query=Urocyon%20littoralis&searchType=species'>https://www.iucnredlist.org/search?query=Urocyon%20littoralis&searchType=species</a>","Scientific Name:  Urocyon littoralis</br>Common Name:  island gray fox</br>Threat Status:  T - Disease</br>Country:  United States of America"
167,"Alcelaphus buselaphus","ungulates","Bovidae",29.98,-31.3,NA,"terrestrial","South Africa","Africa",2,1,1,1,"Alcelaphus_buselaphus",2.75,171.0015,20,NA,"Disease","hartebeest","NT - Disease","<a href='https://www.iucnredlist.org/search?query=Alcelaphus%20buselaphus&searchType=species'>https://www.iucnredlist.org/search?query=Alcelaphus%20buselaphus&searchType=species</a>","Scientific Name:  Alcelaphus buselaphus</br>Common Name:  hartebeest</br>Threat Status:  NT - Disease</br>Country:  South Africa"
168,"Antidorcas marsupialis","ungulates","Bovidae",21.04,-25.19,"WN","terrestrial","Botswana","Africa",2,1,1,1,"Antidorcas_marsupialis",NA,31.5,3000,NA,"Disease","springbok","NT - Disease","<a href='https://www.iucnredlist.org/search?query=Antidorcas%20marsupialis&searchType=species'>https://www.iucnredlist.org/search?query=Antidorcas%20marsupialis&searchType=species</a>","Scientific Name:  Antidorcas marsupialis</br>Common Name:  springbok</br>Threat Status:  NT - Disease</br>Country:  Botswana"
169,"Bos frontalis","ungulates","Bovidae",92.94,26.2,"WO","terrestrial","India","Asia",2,1,1,1,"Bos_frontalis",NA,NA,40,NA,"Disease","gayal","NT - Disease","<a href='https://www.iucnredlist.org/search?query=Bos%20frontalis&searchType=species'>https://www.iucnredlist.org/search?query=Bos%20frontalis&searchType=species</a>","Scientific Name:  Bos frontalis</br>Common Name:  gayal</br>Threat Status:  NT - Disease</br>Country:  India"
170,"Bos grunniens","ungulates","Bovidae",92.94,26.2,"WO","terrestrial","India","Asia",2,1,1,1,"Bos_grunniens",NA,NA,110,NA,"Disease","domestic yak","NT - Disease","<a href='https://www.iucnredlist.org/search?query=Bos%20grunniens&searchType=species'>https://www.iucnredlist.org/search?query=Bos%20grunniens&searchType=species</a>","Scientific Name:  Bos grunniens</br>Common Name:  domestic yak</br>Threat Status:  NT - Disease</br>Country:  India"
171,"Canis simensis","carnivores","Canidae",39.86,6.84,"WN","terrestrial","Ethiopia","Africa",3,1,1,1,"Canis_simensis",4.21,10,NA,"group","Disease","Ethiopian wolf","NT - Disease","<a href='https://www.iucnredlist.org/search?query=Canis%20simensis&searchType=species'>https://www.iucnredlist.org/search?query=Canis%20simensis&searchType=species</a>","Scientific Name:  Canis simensis</br>Common Name:  Ethiopian wolf</br>Threat Status:  NT - Disease</br>Country:  Ethiopia"
172,"Connochaetes taurinus","ungulates","Bovidae",31.45,-23.82,"WN","terrestrial","South Africa","Africa",2,1,1,1,"Connochaetes_taurinus",NA,179.999,20,NA,"Disease","brindled gnu","NT - Disease","<a href='https://www.iucnredlist.org/search?query=Connochaetes%20taurinus&searchType=species'>https://www.iucnredlist.org/search?query=Connochaetes%20taurinus&searchType=species</a>","Scientific Name:  Connochaetes taurinus</br>Common Name:  brindled gnu</br>Threat Status:  NT - Disease</br>Country:  South Africa"
173,"Damaliscus lunatus","ungulates","Bovidae",28.68,-24.65,"WN","terrestrial","South Africa","Africa",2,1,1,1,"Damaliscus_lunatus",NA,136.0003,3.6,NA,"Disease","topi","NT - Disease","<a href='https://www.iucnredlist.org/search?query=Damaliscus%20lunatus&searchType=species'>https://www.iucnredlist.org/search?query=Damaliscus%20lunatus&searchType=species</a>","Scientific Name:  Damaliscus lunatus</br>Common Name:  topi</br>Threat Status:  NT - Disease</br>Country:  South Africa"
174,"Eumetopias jubatus","carnivores","Otariidae",-178.14,56.91,"WN","marine",NA,NA,3,1,1,1,"Eumetopias_jubatus",NA,310,NA,"group","Disease","Steller sea lion","NT - Disease","<a href='https://www.iucnredlist.org/search?query=Eumetopias%20jubatus&searchType=species'>https://www.iucnredlist.org/search?query=Eumetopias%20jubatus&searchType=species</a>","Scientific Name:  Eumetopias jubatus</br>Common Name:  Steller sea lion</br>Threat Status:  NT - Disease</br>Country:  NA"
175,"Lycaon pictus","carnivores","Canidae",22.64,-19.3,"WN","terrestrial","Botswana","Africa",3,1,1,1,"Lycaon_pictus",403,22.0501,NA,"group","Disease","African hunting dog","NT - Disease","<a href='https://www.iucnredlist.org/search?query=Lycaon%20pictus&searchType=species'>https://www.iucnredlist.org/search?query=Lycaon%20pictus&searchType=species</a>","Scientific Name:  Lycaon pictus</br>Common Name:  African hunting dog</br>Threat Status:  NT - Disease</br>Country:  Botswana"
176,"Monachus monachus","carnivores","Phocidae",22.98,39.04,"WN","marine",NA,NA,4,1,1,1,"Monachus_monachus",NA,292.5,NA,"non_group","Disease","Mediterranean monk seal","NT - Disease","<a href='https://www.iucnredlist.org/search?query=Monachus%20monachus&searchType=species'>https://www.iucnredlist.org/search?query=Monachus%20monachus&searchType=species</a>","Scientific Name:  Monachus monachus</br>Common Name:  Mediterranean monk seal</br>Threat Status:  NT - Disease</br>Country:  NA"
177,"Ovis canadensis","ungulates","Bovidae",-112.56,45.71,"WN","terrestrial","United States of America","North America",2,1,1,1,"Ovis_canadensis",19,74.6449,5.5,NA,"Disease","bighorn sheep","NT - Disease","<a href='https://www.iucnredlist.org/search?query=Ovis%20canadensis&searchType=species'>https://www.iucnredlist.org/search?query=Ovis%20canadensis&searchType=species</a>","Scientific Name:  Ovis canadensis</br>Common Name:  bighorn sheep</br>Threat Status:  NT - Disease</br>Country:  United States of America"
178,"Syncerus caffer","ungulates","Bovidae",36.91,0.28,"WN","terrestrial","Kenya","Africa",2,1,1,1,"Syncerus_caffer",63.8,580.0027,1506,NA,"Disease","African buffalo","NT - Disease","<a href='https://www.iucnredlist.org/search?query=Syncerus%20caffer&searchType=species'>https://www.iucnredlist.org/search?query=Syncerus%20caffer&searchType=species</a>","Scientific Name:  Syncerus caffer</br>Common Name:  African buffalo</br>Threat Status:  NT - Disease</br>Country:  Kenya"
179,"Tragelaphus imberbis","ungulates","Bovidae",38.14,-3.33,"WN","terrestrial","Kenya","Africa",2,1,1,1,"Tragelaphus_imberbis",NA,81.5755,3,NA,"Disease","lesser kudu","NT - Disease","<a href='https://www.iucnredlist.org/search?query=Tragelaphus%20imberbis&searchType=species'>https://www.iucnredlist.org/search?query=Tragelaphus%20imberbis&searchType=species</a>","Scientific Name:  Tragelaphus imberbis</br>Common Name:  lesser kudu</br>Threat Status:  NT - Disease</br>Country:  Kenya"
180,"Urocyon littoralis","carnivores","Canidae",-118.42,33.39,"WN","terrestrial","United States of America","North America",4,1,1,1,"Urocyon_littoralis",0.42,1.896,NA,"non_group","Disease","island gray fox","NT - Disease","<a href='https://www.iucnredlist.org/search?query=Urocyon%20littoralis&searchType=species'>https://www.iucnredlist.org/search?query=Urocyon%20littoralis&searchType=species</a>","Scientific Name:  Urocyon littoralis</br>Common Name:  island gray fox</br>Threat Status:  NT - Disease</br>Country:  United States of America"
