"","HostCorrectedName","Group","HostFamily","Longitude","Latitude","PopulationType","HostEnvironment","country","continent","Threat","ThreatDic","ThreatDic2","ThreatDis","hostName","hostHomeRange","massKG","groupSizePriUng","groupSizeCar","type"
"1","Alces alces","ungulates","Cervidae",9.8,59.13,"WN","terrestrial","Norway","Europe",0,0,0,0,"Alces_alces",72,356.998,1,NA,"NonThreatened"
"2","Antilocapra americana","ungulates","Antilocapridae",-111.09,34.05,"WN","terrestrial","United States of America","North America",0,0,0,0,"Antilocapra_americana",8.16,46.0829,506,NA,"NonThreatened"
"3","Antilope cervicapra","ungulates","Bovidae",-100.44,29.93,"WN","terrestrial","United States of America","North America",1,0,1,0,"Antilope_cervicapra",0.63,37.5,28.75,NA,"NonThreatened"
"4","Arctictis binturong","carnivores","Viverridae",101.36,16.08,"WN","terrestrial","Thailand","Asia",0,0,0,0,"Arctictis_binturong",NA,9.875,NA,"non_group","NonThreatened"
"5","Arctocephalus australis","carnivores","Otariidae",-57.74,-37.97,"WN","marine","Argentina","South America",0,0,0,0,"Arctocephalus_australis",NA,45,NA,NA,"NonThreatened"
"6","Arctocephalus forsteri","carnivores","Otariidae",115.02,-33.64,"WN","marine","Australia","Australia",0,0,0,0,"Arctocephalus_forsteri",NA,101.25,16000,NA,"NonThreatened"
"7","Arctocephalus gazella","carnivores","Otariidae",-60.92,-55.17,"WN","marine",NA,NA,0,0,0,0,"Arctocephalus_gazella",NA,97.5,NA,NA,"NonThreatened"
"8","Arctocephalus pusillus","carnivores","Otariidae",23.4,-34.05,"WN","marine","South Africa","Africa",0,0,0,0,"Arctocephalus_pusillus",NA,178.5,NA,"non_group","NonThreatened"
"9","Arctocephalus tropicalis","carnivores","Otariidae",-10,-40.33,"WN","marine",NA,NA,0,0,0,0,"Arctocephalus_tropicalis",NA,84,NA,NA,"NonThreatened"
"10","Axis axis","ungulates","Cervidae",-99.4,30.18,"WN","terrestrial","United States of America","North America",0,0,0,0,"Axis_axis",0.68,66.1728,NA,NA,"NonThreatened"
"11","Bassariscus astutus","carnivores","Procyonidae",-99.31,19.3,"WN","terrestrial","Mexico","South America",0,0,0,0,"Bassariscus_astutus",0.74,1.1295,NA,"non_group","NonThreatened"
"12","Canis adustus","carnivores","Canidae",34.56,0.57,"WN","terrestrial","Kenya","Africa",0,0,0,0,"Canis_adustus",1.02,10.2499,NA,"non_group","NonThreatened"
"13","Canis aureus","carnivores","Canidae",21.82,39.07,"WN","terrestrial","Greece","Europe",0,0,0,0,"Canis_aureus",2.96,10.3452,NA,"non_group","NonThreatened"
"14","Canis latrans","carnivores","Canidae",-116.58,53.93,"WN","terrestrial","Canada","North America",0,0,0,0,"Canis_latrans",19,13.4063,NA,"non_group","NonThreatened"
"15","Canis mesomelas","carnivores","Canidae",28.31,-15.41,"WN","terrestrial","Zambia","Africa",0,0,0,0,"Canis_mesomelas",12,8.5,NA,"non_group","NonThreatened"
"16","Capra ibex","ungulates","Bovidae",6.45,45.48,"WN","terrestrial","France","Europe",0,0,0,0,"Capra_ibex",NA,85.1665,NA,NA,"NonThreatened"
"17","Capra pyrenaica","ungulates","Bovidae",1.53,41.8,"WN","terrestrial","Spain","Europe",1,0,1,0,"Capra_pyrenaica",0.65,50,NA,NA,"NonThreatened"
"18","Capreolus capreolus","ungulates","Cervidae",16.66,49.08,"WN","terrestrial","Czech Republic","Europe",0,0,0,0,"Capreolus_capreolus",0.52,22.5,NA,NA,"NonThreatened"
"19","Caracal caracal","carnivores","Felidae",28.31,-15.41,"WN","terrestrial","Zambia","Africa",0,0,0,0,"Caracal_caracal",294,13.7499,NA,"non_group","NonThreatened"
"20","Cephalophus natalensis","ungulates","Bovidae",31.02,-29.9,"WN","terrestrial","South Africa","Africa",1,0,1,0,"Cephalophus_natalensis",0.06,12,2,NA,"NonThreatened"
"21","Ceratotherium simum","ungulates","Rhinocerotidae",31.45,-23.82,"WN","terrestrial","South Africa","Africa",1,0,1,0,"Ceratotherium_simum",19.3,2949.9863,3.75,NA,"NonThreatened"
"22","Cerdocyon thous","carnivores","Canidae",-51.93,-14.24,"WN","terrestrial","Brazil","South America",0,0,0,0,"Cerdocyon_thous",1.42,5.24,NA,"non_group","NonThreatened"
"23","Cervus elaphus","ungulates","Cervidae",16.66,49.08,"WN","terrestrial","Czech Republic","Europe",0,0,0,0,"Cervus_elaphus",58.4,131.25,17.5,NA,"NonThreatened"
"24","Cervus nippon","ungulates","Cervidae",-99.4,30.18,"WN","terrestrial","United States of America","North America",0,0,0,0,"Cervus_nippon",1.45,53,7.5,NA,"NonThreatened"
"25","Civettictis civetta","carnivores","Viverridae",30.69,-21.37,"WN","terrestrial","Zimbabwe","Africa",0,0,0,0,"Civettictis_civetta",NA,12,NA,"non_group","NonThreatened"
"26","Conepatus chinga","carnivores","Mephitidae",-71.03,-14.48,"WN","terrestrial","Peru","South America",0,0,0,0,"Conepatus_chinga",NA,1.9175,NA,"non_group","NonThreatened"
"27","Conepatus leuconotus","carnivores","Mephitidae",-99.9,31.97,"WN","terrestrial","United States of America","North America",0,0,0,0,"Conepatus_leuconotus",NA,3.5,NA,"non_group","NonThreatened"
"28","Connochaetes gnou","ungulates","Bovidae",28.29,-25.89,"WN","terrestrial","South Africa","Africa",0,0,0,0,"Connochaetes_gnou",0.97,179.999,26.75,NA,"NonThreatened"
"29","Crocuta crocuta","carnivores","Hyaenidae",34.83,-2.33,"WN","terrestrial","United Republic of Tanzania","Africa",1,0,1,0,"Crocuta_crocuta",22.3,62.9999,NA,"group","NonThreatened"
"30","Cynictis penicillata","carnivores","Herpestidae",27.18,-26.66,"WN","terrestrial","South Africa","Africa",0,0,0,0,"Cynictis_penicillata",1.89,0.836,NA,"group","NonThreatened"
"31","Cystophora cristata","carnivores","Phocidae",-57.95,43.95,"WN","marine",NA,NA,0,0,0,0,"Cystophora_cristata",NA,288.3335,NA,"non_group","NonThreatened"
"32","Dama dama","ungulates","Cervidae",16.66,49.08,"WN","terrestrial","Czech Republic","Europe",0,0,0,0,"Dama_dama",0.71,56.25,10.5,NA,"NonThreatened"
"33","Eira barbara","carnivores","Mustelidae",-51.93,-14.24,"WN","terrestrial","Brazil","South America",0,0,0,0,"Eira_barbara",11.4,3.91,NA,"non_group","NonThreatened"
"34","Equus burchellii","ungulates","Equidae",31.45,-23.82,"WN","terrestrial","South Africa","Africa",0,0,0,0,"Equus_burchellii",128,NA,5.1,NA,"NonThreatened"
"35","Erignathus barbatus","carnivores","Phocidae",-57.66,53.14,"WN","marine","Canada","North America",0,0,0,0,"Erignathus_barbatus",NA,280,NA,"non_group","NonThreatened"
"36","Galictis cuja","carnivores","Mustelidae",-51.93,-14.24,"WN","terrestrial","Brazil","South America",0,0,0,0,"Galictis_cuja",NA,1,NA,"non_group","NonThreatened"
"37","Galictis vittata","carnivores","Mustelidae",-51.93,-14.24,"WN","terrestrial","Brazil","South America",0,0,0,0,"Galictis_vittata",3.24,3.2,NA,"non_group","NonThreatened"
"38","Genetta genetta","carnivores","Viverridae",2.17,41.39,"WN","terrestrial","Spain","Europe",0,0,0,0,"Genetta_genetta",10.9,1.8,NA,NA,"NonThreatened"
"39","Genetta tigrina","carnivores","Viverridae",-16.07,13.62,"WN","terrestrial","Senegal","Africa",0,0,0,0,"Genetta_tigrina",0.04,2.225,NA,"non_group","NonThreatened"
"40","Halichoerus grypus","carnivores","Phocidae",19.86,58.49,"WN","marine",NA,NA,0,0,0,0,"Halichoerus_grypus",NA,157.667,NA,NA,"NonThreatened"
"41","Herpestes ichneumon","carnivores","Herpestidae",-3.83,38.37,"WN","terrestrial","Spain","Europe",0,0,0,0,"Herpestes_ichneumon",2.19,5.175,NA,"group","NonThreatened"
"42","Herpestes javanicus","carnivores","Herpestidae",-64.86,17.71,"WN","terrestrial","United States Virgin Islands","South America",0,0,0,0,"Herpestes_javanicus",0.23,0.75,NA,"non_group","NonThreatened"
"43","Hippopotamus amphibius","ungulates","Hippopotamidae",27.85,-13.13,"WN","terrestrial","Zambia","Africa",0,0,0,0,"Hippopotamus_amphibius",NA,1417.49,585,NA,"NonThreatened"
"44","Hyaena hyaena","carnivores","Hyaenidae",9.58,34.11,"WN","terrestrial","Tunisia","Africa",1,0,1,0,"Hyaena_hyaena",45.3,41.7051,NA,"group","NonThreatened"
"45","Leopardus pardalis","carnivores","Felidae",-61.3,-19.52,"WN","terrestrial","Bolivia","South America",0,0,0,0,"Leopardus_pardalis",5.09,11.9001,NA,"non_group","NonThreatened"
"46","Leopardus tigrinus","carnivores","Felidae",-51.93,-14.24,"WN","terrestrial","Brazil","South America",1,0,1,0,"Leopardus_tigrinus",NA,2.25,1,NA,"NonThreatened"
"47","Leopardus wiedii","carnivores","Felidae",-51.93,-14.24,"WN","terrestrial","Brazil","South America",0,0,0,0,"Leopardus_wiedii",8.55,3.25,NA,NA,"NonThreatened"
"48","Leptailurus serval","carnivores","Felidae",-16.23,12.81,"WN","terrestrial","Senegal","Africa",0,0,0,0,"Leptailurus_serval",1.85,12,NA,"non_group","NonThreatened"
"49","Leptonychotes weddellii","carnivores","Phocidae",165,-77.5,"WN","marine",NA,NA,0,0,0,0,"Leptonychotes_weddellii",NA,400,NA,"non_group","NonThreatened"
"50","Lontra canadensis","carnivores","Mustelidae",-86.34,35.84,"WN","terrestrial","United States of America","North America",0,0,0,0,"Lontra_canadensis",14.2,8.0874,NA,"non_group","NonThreatened"
"51","Lontra longicaudis","carnivores","Mustelidae",-51.93,-14.24,"WN","terrestrial","Brazil","South America",0,0,0,0,"Lontra_longicaudis",NA,6.555,NA,NA,"NonThreatened"
"52","Lutra lutra","carnivores","Mustelidae",24.27,42.24,"WN","terrestrial","Bulgaria","Europe",1,0,1,0,"Lutra_lutra",21.4,8.7851,NA,"non_group","NonThreatened"
"53","Lynx canadensis","carnivores","Felidae",-85.32,51.25,"WN","terrestrial","Canada","North America",0,0,0,0,"Lynx_canadensis",30.8,9.3732,NA,"non_group","NonThreatened"
"54","Lynx lynx","carnivores","Felidae",7.45,46.95,"WN","terrestrial","Switzerland","Europe",1,0,1,0,"Lynx_lynx",137,17.95,NA,"non_group","NonThreatened"
"55","Lynx rufus","carnivores","Felidae",-99.36,31.49,"WN","terrestrial","United States of America","North America",0,0,0,0,"Lynx_rufus",31.5,8.9041,NA,"non_group","NonThreatened"
"56","Madoqua saltiana","ungulates","Bovidae",44.25,1.88,"WN","terrestrial","Somalia","Africa",0,0,0,0,"Madoqua_saltiana",NA,3.25,1.5,NA,"NonThreatened"
"57","Martes americana","carnivores","Mustelidae",-119.75,48.22,"WN","terrestrial","United States of America","North America",0,0,0,0,"Martes_americana",3.7,1.25,NA,"non_group","NonThreatened"
"58","Martes foina","carnivores","Mustelidae",12.08,42.79,"WN","terrestrial","Italy","Europe",0,0,0,0,"Martes_foina",2.16,1.5408,NA,"non_group","NonThreatened"
"59","Martes martes","carnivores","Mustelidae",-3.75,40.46,"WN","terrestrial","Spain","Europe",0,0,0,0,"Martes_martes",2.17,1.3,NA,"non_group","NonThreatened"
"60","Martes melampus","carnivores","Mustelidae",140.75,40.82,"WN","terrestrial","Japan","Asia",0,0,0,0,"Martes_melampus",NA,1,NA,NA,"NonThreatened"
"61","Martes pennanti","carnivores","Mustelidae",-106.35,56.13,"WN","terrestrial","Canada","North America",0,0,0,0,"Martes_pennanti",15,4,NA,"non_group","NonThreatened"
"62","Meles meles","carnivores","Mustelidae",12.13,60.45,"WN","terrestrial","Norway","Europe",0,0,0,0,"Meles_meles",1.22,13,NA,"group","NonThreatened"
"63","Mephitis mephitis","carnivores","Mephitidae",-89.4,40.63,"WN","terrestrial","United States of America","North America",0,0,0,0,"Mephitis_mephitis",2.33,2.085,NA,"non_group","NonThreatened"
"64","Mirounga angustirostris","carnivores","Phocidae",-121.79,36.65,"WN","marine","United States of America","North America",0,0,0,0,"Mirounga_angustirostris",NA,750,NA,NA,"NonThreatened"
"65","Mirounga leonina","carnivores","Phocidae",158.86,-54.62,"WN","marine",NA,NA,0,0,0,0,"Mirounga_leonina",NA,1600,NA,NA,"NonThreatened"
"66","Mungos mungo","carnivores","Herpestidae",24.5,-18.67,"WN","terrestrial","Botswana","Africa",0,0,0,0,"Mungos_mungo",1.67,1.925,NA,"group","NonThreatened"
"67","Muntiacus reevesi","ungulates","Cervidae",-1.55,52.29,"WN","terrestrial","United Kingdom","Europe",0,0,0,0,"Muntiacus_reevesi",0.12,13.5,NA,NA,"NonThreatened"
"68","Mustela erminea","carnivores","Mustelidae",27.95,53.71,"WN","terrestrial","Belarus","Europe",0,0,0,0,"Mustela_erminea",0.11,0.1194,NA,"non_group","NonThreatened"
"69","Mustela frenata","carnivores","Mustelidae",-122.68,45.52,"WN","terrestrial","United States of America","North America",0,0,0,0,"Mustela_frenata",0.21,0.147,NA,"non_group","NonThreatened"
"70","Mustela nivalis","carnivores","Mustelidae",27.95,53.71,"WN","terrestrial","Belarus","Europe",0,0,0,0,"Mustela_nivalis",0.07,0.1375,NA,"non_group","NonThreatened"
"71","Mustela putorius","carnivores","Mustelidae",27.95,53.71,"WN","terrestrial","Belarus","Europe",0,0,0,0,"Mustela_putorius",0.42,0.9154,NA,"non_group","NonThreatened"
"72","Mustela sibirica","carnivores","Mustelidae",140.75,40.82,"WN","terrestrial","Japan","Asia",0,0,0,0,"Mustela_sibirica",3.43,0.405,NA,"non_group","NonThreatened"
"73","Nasua narica","carnivores","Procyonidae",-105,19.49,"WN","terrestrial","Mexico","South America",0,0,0,0,"Nasua_narica",0.78,4.03,NA,"group","NonThreatened"
"74","Nasua nasua","carnivores","Procyonidae",-51.93,-14.24,"WN","terrestrial","Brazil","South America",0,0,0,0,"Nasua_nasua",0.8,3.7938,NA,"group","NonThreatened"
"75","Odobenus rosmarus","carnivores","Odobenidae",-145.57,72.84,"WN","marine",NA,NA,0,0,0,0,"Odobenus_rosmarus",NA,825,NA,NA,"NonThreatened"
"76","Odocoileus hemionus","ungulates","Odobenidae",-119.42,36.78,"WN","terrestrial","United States of America","North America",0,0,0,0,"Odocoileus_hemionus",2.03,54.2126,NA,NA,"NonThreatened"
"77","Odocoileus virginianus","ungulates","Odobenidae",-100,25.59,"WN","terrestrial","Mexico","South America",0,0,0,0,"Odocoileus_virginianus",2,55.5086,2.25,NA,"NonThreatened"
"78","Oreamnos americanus","ungulates","Bovidae",-120.74,47.75,"WN","terrestrial","United States of America","North America",0,0,0,0,"Oreamnos_americanus",18.2,72.5003,3,NA,"NonThreatened"
"79","Ovibos moschatus","ungulates","Bovidae",9.25,61.99,"WN","terrestrial","Norway","Europe",0,0,0,0,"Ovibos_moschatus",NA,340.5011,12.5,NA,"NonThreatened"
"80","Ovis dalli","ungulates","Bovidae",-149.49,64.2,"WO","terrestrial","United States of America","North America",0,0,0,0,"Ovis_dalli",10.3,55.6506,9.5,NA,"NonThreatened"
"81","Ozotoceros bezoarticus","ungulates","Cervidae",-56,-19,"WN","terrestrial","Brazil","South America",1,0,1,0,"Ozotoceros_bezoarticus",6.17,40,3.5,NA,"NonThreatened"
"82","Paguma larvata","carnivores","Viverridae",139.06,35.82,"WN","terrestrial","Japan","Asia",0,0,0,0,"Paguma_larvata",2.89,4.3,NA,"non_group","NonThreatened"
"83","Panthera onca","carnivores","Felidae",-51.93,-14.24,"WN","terrestrial","Brazil","South America",1,0,1,0,"Panthera_onca",32.1,100,1,"non_group","NonThreatened"
"84","Panthera pardus","carnivores","Felidae",54.35,36.17,"WN","terrestrial","Iran","Asia",0,0,0,0,"Panthera_pardus",19,54.9997,1,"non_group","NonThreatened"
"85","Pecari tajacu","ungulates","Tayassuidae",-112.49,33.35,"WO","terrestrial","United States of America","North America",0,0,0,0,"Pecari_tajacu",1.4,21.2667,15.85,NA,"NonThreatened"
"86","Pelea capreolus","ungulates","Peleinae",22.31,-32.26,"WN","terrestrial","South Africa","Africa",0,0,0,0,"Pelea_capreolus",NA,20,10.25,NA,"NonThreatened"
"87","Phoca largha","carnivores","Phocidae",143.15,42.02,"WN","marine","Japan","Asia",0,0,0,0,"Phoca_largha",NA,150,NA,"non_group","NonThreatened"
"88","Phoca vitulina","carnivores","Phocidae",9.7,54.22,"WN","marine","Germany","Europe",0,0,0,0,"Phoca_vitulina",NA,100,NA,"non_group","NonThreatened"
"89","Potamochoerus porcus","ungulates","Suinae",32.27,-26.88,"WN","terrestrial","South Africa","Africa",0,0,0,0,"Potamochoerus_porcus",NA,70.0003,19.53,NA,"NonThreatened"
"90","Procyon lotor","carnivores","Procyonidae",-80.91,25.87,"WN","terrestrial","United States of America","North America",0,0,0,0,"Procyon_lotor",4.63,6.55,NA,"non_group","NonThreatened"
"91","Rangifer tarandus","ungulates","Cervidae",25.75,61.92,"WN","terrestrial","Finland","Europe",0,0,0,0,"Rangifer_tarandus",2770,86.034,1e+05,NA,"NonThreatened"
"92","Raphicerus campestris","ungulates","Bovidae",31.45,-23.82,"WN","terrestrial","South Africa","Africa",0,0,0,0,"Raphicerus_campestris",0.43,10.5,2,NA,"NonThreatened"
"93","Redunca fulvorufula","ungulates","Bovidae",25.4,-32.19,"WN","terrestrial","South Africa","Africa",0,0,0,0,"Redunca_fulvorufula",0.07,29.4999,4.75,NA,"NonThreatened"
"94","Rupicapra rupicapra","ungulates","Bovidae",8.24,46.81,"WN","terrestrial","Switzerland","Europe",0,0,0,0,"Rupicapra_rupicapra",2.66,26.1,1,NA,"NonThreatened"
"95","Spilogale putorius","carnivores","Mephitidae",-93.34,35.12,"WN","terrestrial","United States of America","North America",0,0,0,0,"Spilogale_putorius",0.29,0.341,NA,NA,"NonThreatened"
"96","Suricata suricatta","carnivores","Herpestidae",22.94,-30.56,"WN","terrestrial","South Africa","Africa",0,0,0,0,"Suricata_suricatta",11.8,0.7255,NA,"group","NonThreatened"
"97","Sus celebensis","ungulates","Suinae",121.45,-1.43,"WN","terrestrial","Indonesia","Asia",0,0,0,0,"Sus_celebensis",NA,55,NA,NA,"NonThreatened"
"98","Sylvicapra grimmia","ungulates","Bovidae",24.5,-28.48,"WN","terrestrial","South Africa","Africa",0,0,0,0,"Sylvicapra_grimmia",NA,19.4998,1,NA,"NonThreatened"
"99","Taurotragus oryx","ungulates","Bovidae",36.91,0.28,"WN","terrestrial","Kenya","Africa",1,0,0,0,"Taurotragus_oryx",197,NA,500,NA,"NonThreatened"
"100","Taxidea taxus","carnivores","Mustelidae",-119.42,36.78,"WN","terrestrial","United States of America","North America",0,0,0,0,"Taxidea_taxus",3.45,7.1076,NA,"non_group","NonThreatened"
"101","Tayassu pecari","ungulates","Tayassuidae",-60.77,-14.36,"WN","terrestrial","Bolivia","South America",0,0,0,0,"Tayassu_pecari",41.7,32.2337,103,NA,"NonThreatened"
"102","Tragelaphus eurycerus","ungulates","Bovidae",16.6,2.5,"WN","terrestrial","Republic of the Congo","Africa",1,0,1,0,"Tragelaphus_eurycerus",NA,329.0031,13.5,NA,"NonThreatened"
"103","Tragelaphus scriptus","ungulates","Bovidae",31.02,-29.9,"WN","terrestrial","South Africa","Africa",0,0,0,0,"Tragelaphus_scriptus",0.02,43.2504,1,NA,"NonThreatened"
"104","Tragelaphus spekii","ungulates","Bovidae",32.46,0.05,"WN","terrestrial","Uganda","Africa",1,0,1,0,"Tragelaphus_spekii",NA,77.9992,6,NA,"NonThreatened"
"105","Urocyon cinereoargenteus","carnivores","Canidae",-94.69,46.73,"WN","terrestrial","United States of America","North America",0,0,0,0,"Urocyon_cinereoargenteus",1.84,3.8337,NA,"non_group","NonThreatened"
"106","Ursus americanus","carnivores","Ursidae",-81.52,27.66,"WN","terrestrial","United States of America","North America",0,0,0,0,"Ursus_americanus",31.3,99.9494,NA,"non_group","NonThreatened"
"107","Ursus arctos","carnivores","Ursidae",-124.85,64.83,"WN","terrestrial","Canada","North America",0,0,0,0,"Ursus_arctos",312,180.5204,NA,"non_group","NonThreatened"
"108","Ursus maritimus","carnivores","Ursidae",16,78,"WN","terrestrial/marine","Norway","Europe",1,0,1,0,"Ursus_maritimus",77500,388.7504,1,"non_group","NonThreatened"
"109","Vulpes corsac","carnivores","Canidae",111.77,40.82,"WN","terrestrial","China","Asia",0,0,0,0,"Vulpes_corsac",NA,2.4,NA,"group","NonThreatened"
"110","Vulpes velox","carnivores","Canidae",-99.9,31.97,"WN","terrestrial","United States of America","North America",0,0,0,0,"Vulpes_velox",7.95,2.1975,NA,"non_group","NonThreatened"
"111","Vulpes vulpes","carnivores","Canidae",12.08,42.79,"WN","terrestrial","Italy","Europe",0,0,0,0,"Vulpes_vulpes",3.53,5.3182,NA,"non_group","NonThreatened"
"112","Zalophus californianus","carnivores","Otariidae",-110.71,26.73,"WN","marine",NA,NA,0,0,0,0,"Zalophus_californianus",NA,80,NA,NA,"NonThreatened"
"113","Acinonyx jubatus","carnivores","Felidae",18.49,-22.96,"WN","terrestrial","Namibia","Africa",2,1,1,0,"Acinonyx_jubatus",89.2,46.7,NA,"non_group","ThreatOther"
"114","Aepyceros melampus","ungulates","Bovidae",36.91,0.28,"WN","terrestrial","Kenya","Africa",2,1,1,0,"Aepyceros_melampus",1.99,52.5001,15.25,NA,"ThreatOther"
"115","Ailuropoda melanoleuca","carnivores","Ursidae",104.2,35.86,"WN","terrestrial","China","Asia",3,1,1,0,"Ailuropoda_melanoleuca",3.56,108.4,NA,"non_group","ThreatOther"
"116","Bison bison","ungulates","Bovidae",-110.88,45.05,"WN","terrestrial","United States of America","North America",2,1,1,0,"Bison_bison",47.7,579.2553,515,NA,"ThreatOther"
"117","Bison bonasus","ungulates","Bovidae",22.64,49.11,"WN","terrestrial","Poland","Europe",3,1,1,0,"Bison_bonasus",7.92,500,35,NA,"ThreatOther"
"118","Blastocerus dichotomus","ungulates","Cervidae",-56.77,-19.13,"WN","terrestrial","Brazil","South America",2,1,1,0,"Blastocerus_dichotomus",NA,86.6662,3,NA,"ThreatOther"
"119","Callorhinus ursinus","carnivores","Otariidae",-170.28,57.12,"WN","marine",NA,NA,2,1,1,0,"Callorhinus_ursinus",NA,45.133,NA,"non_group","ThreatOther"
"120","Catopuma temminckii","carnivores","Felidae",101.36,16.08,"WN","terrestrial","Thailand","Asia",2,1,1,0,"Catopuma_temminckii",NA,11.5,NA,"non_group","ThreatOther"
"121","Chrotogale owstoni","carnivores","Viverridae",108.28,14.06,NA,"terrestrial","Vietnam","Asia",2,1,1,0,"Chrotogale_owstoni",NA,3.25,NA,"non_group","ThreatOther"
"122","Damaliscus pygargus","ungulates","Bovidae",20.47,-34.07,"WN","terrestrial","South Africa","Africa",2,1,1,0,"Damaliscus_pygargus",NA,102,NA,NA,"ThreatOther"
"123","Diceros bicornis","ungulates","Rhinocerotidae",25.75,-33.48,"WN","terrestrial","South Africa","Africa",4,1,1,0,"Diceros_bicornis",11.6,1180.5109,1,NA,"ThreatOther"
"124","Enhydra lutris","carnivores","Mustelidae",-121.57,38.39,"WN","marine","United States of America","North America",3,1,1,0,"Enhydra_lutris",3.44,23.5,NA,"non_group","ThreatOther"
"125","Equus grevyi","ungulates","Equidae",37.32,0.98,"WO","terrestrial","Kenya","Africa",3,1,1,0,"Equus_grevyi",NA,407.9998,NA,NA,"ThreatOther"
"126","Equus zebra","ungulates","Equidae",25.4,-32.19,"WN","terrestrial","South Africa","Africa",3,1,1,0,"Equus_zebra",7.43,286.9987,8.5,NA,"ThreatOther"
"127","Giraffa camelopardalis","ungulates","Giraffidae",31.45,-23.82,"WN","terrestrial","South Africa","Africa",2,1,1,0,"Giraffa_camelopardalis",82.5,899.9948,100,NA,"ThreatOther"
"128","Gulo gulo","carnivores","Mustelidae",-152.25,68.2,"WN","terrestrial","United States of America","North America",2,1,1,0,"Gulo_gulo",344,17.0126,1,"non_group","ThreatOther"
"129","Hippotragus equinus","ungulates","Bovidae",31.89,-21.06,"WN","terrestrial","Zimbabwe","Africa",2,1,1,0,"Hippotragus_equinus",NA,269.9977,12,NA,"ThreatOther"
"130","Hippotragus niger","ungulates","Bovidae",31.68,-21.34,"WN","terrestrial","Zimbabwe","Africa",2,1,1,0,"Hippotragus_niger",NA,227.4993,15,NA,"ThreatOther"
"131","Kobus ellipsiprymnus","ungulates","Bovidae",25.75,-18.26,"WN","terrestrial","Zimbabwe","Africa",2,1,1,0,"Kobus_ellipsiprymnus",1.3,210.0003,12,NA,"ThreatOther"
"132","Kobus kob","ungulates","Bovidae",32.29,1.37,"WN","terrestrial","Uganda","Africa",2,1,1,0,"Kobus_kob",101,78.5001,112.5,NA,"ThreatOther"
"133","Kobus leche","ungulates","Bovidae",27.33,-15.69,"WN","terrestrial","Zambia","Africa",2,1,1,0,"Kobus_leche",NA,110.749,20,NA,"ThreatOther"
"134","Lynx pardinus","carnivores","Felidae",-3.75,40.46,"WN","terrestrial","Spain","Europe",4,1,1,0,"Lynx_pardinus",7.24,9.4,NA,"non_group","ThreatOther"
"135","Monachus schauinslandi","carnivores","Phocidae",-157.02,21.14,"WN","marine","United States of America","North America",3,1,1,0,"Monachus_schauinslandi",NA,NA,NA,"non_group","ThreatOther"
"136","Mustela lutreola","carnivores","Mustelidae",-3.65,40.23,"WN","terrestrial","Spain","Europe",3,1,1,0,"Mustela_lutreola",0.17,0.44,NA,"non_group","ThreatOther"
"137","Mustela nigripes","carnivores","Mustelidae",-108.87,44.16,"WN","terrestrial","United States of America","North America",5,1,1,0,"Mustela_nigripes",0.84,0.85,NA,"non_group","ThreatOther"
"138","Neotragus moschatus","ungulates","Bovidae",32.47,-26.95,"WN","terrestrial","South Africa","Africa",2,1,1,0,"Neotragus_moschatus",NA,NA,1.5,NA,"ThreatOther"
"139","Oreotragus oreotragus","ungulates","Bovidae",31.89,-21.06,"WN","terrestrial","Zimbabwe","Africa",2,1,1,0,"Oreotragus_oreotragus",NA,12.9999,2,NA,"ThreatOther"
"140","Oryx gazella","ungulates","Bovidae",21.04,-25.19,"WN","terrestrial","Botswana","Africa",2,1,1,0,"Oryx_gazella",NA,169.0013,30,NA,"ThreatOther"
"141","Ourebia ourebi","ungulates","Bovidae",31.27,-25.17,"WN","terrestrial","South Africa","Africa",2,1,1,0,"Ourebia_ourebi",NA,17.25,2,NA,"ThreatOther"
"142","Ovis ammon","ungulates","Bovidae",69.35,-49.39,"WN","terrestrial","French Southern and Antarctic Lands",NA,2,1,1,0,"Ovis_ammon",4.59,180,NA,NA,"ThreatOther"
"143","Panthera leo","carnivores","Felidae",23.95,-17.82,"WN","terrestrial","Namibia","Africa",2,1,1,0,"Panthera_leo",56.1,161.4991,NA,"group","ThreatOther"
"144","Raphicerus melanotis","ungulates","Bovidae",26.47,-32.14,"WN","terrestrial","South Africa","Africa",2,1,1,0,"Raphicerus_melanotis",NA,10.2499,1.5,NA,"ThreatOther"
"145","Redunca arundinum","ungulates","Bovidae",31.02,-29.9,"WN","terrestrial","South Africa","Africa",2,1,1,0,"Redunca_arundinum",NA,58.0003,1.75,NA,"ThreatOther"
"146","Redunca redunca","ungulates","Bovidae",35.39,12.82,"WN","terrestrial","Sudan","Africa",2,1,1,0,"Redunca_redunca",NA,44.0504,NA,NA,"ThreatOther"
"147","Rupicapra pyrenaica","ungulates","Bovidae",1.52,41.59,"WN","terrestrial","Spain","Europe",2,1,1,0,"Rupicapra_pyrenaica",NA,30,NA,NA,"ThreatOther"
"148","Speothos venaticus","carnivores","Canidae",-51.93,-14.24,"WN","terrestrial","Brazil","South America",2,1,1,0,"Speothos_venaticus",NA,6,NA,"group","ThreatOther"
"149","Tapirus terrestris","ungulates","Tapiridae",-78.79,-5.73,"WN","terrestrial","Peru","South America",2,1,1,0,"Tapirus_terrestris",NA,207.5009,1,NA,"ThreatOther"
"150","Tragelaphus angasii","ungulates","Bovidae",30.9,-28.53,"WN","terrestrial","South Africa","Africa",2,1,1,0,"Tragelaphus_angasii",1.66,86.6004,15.5,NA,"ThreatOther"
"151","Tragelaphus strepsiceros","ungulates","Bovidae",31.45,-23.82,"WN","terrestrial","South Africa","Africa",2,1,1,0,"Tragelaphus_strepsiceros",835,213.501,12,NA,"ThreatOther"
"152","Ursus thibetanus","carnivores","Ursidae",136.72,35.39,"WN","terrestrial","Japan","Asia",2,1,1,0,"Ursus_thibetanus",0.7,77.5,NA,"non_group","ThreatOther"
"153","Alcelaphus buselaphus","ungulates","Bovidae",29.98,-31.3,NA,"terrestrial","South Africa","Africa",2,1,1,1,"Alcelaphus_buselaphus",2.75,171.0015,20,NA,"ThreatDisease"
"154","Antidorcas marsupialis","ungulates","Bovidae",21.04,-25.19,"WN","terrestrial","Botswana","Africa",2,1,1,1,"Antidorcas_marsupialis",NA,31.5,3000,NA,"ThreatDisease"
"155","Bos frontalis","ungulates","Bovidae",92.94,26.2,"WO","terrestrial","India","Asia",2,1,1,1,"Bos_frontalis",NA,NA,40,NA,"ThreatDisease"
"156","Bos grunniens","ungulates","Bovidae",92.94,26.2,"WO","terrestrial","India","Asia",2,1,1,1,"Bos_grunniens",NA,NA,110,NA,"ThreatDisease"
"157","Canis simensis","carnivores","Canidae",39.86,6.84,"WN","terrestrial","Ethiopia","Africa",3,1,1,1,"Canis_simensis",4.21,10,NA,"group","ThreatDisease"
"158","Connochaetes taurinus","ungulates","Bovidae",31.45,-23.82,"WN","terrestrial","South Africa","Africa",2,1,1,1,"Connochaetes_taurinus",NA,179.999,20,NA,"ThreatDisease"
"159","Damaliscus lunatus","ungulates","Bovidae",28.68,-24.65,"WN","terrestrial","South Africa","Africa",2,1,1,1,"Damaliscus_lunatus",NA,136.0003,3.6,NA,"ThreatDisease"
"160","Eumetopias jubatus","carnivores","Otariidae",-178.14,56.91,"WN","marine",NA,NA,3,1,1,1,"Eumetopias_jubatus",NA,310,NA,"group","ThreatDisease"
"161","Lycaon pictus","carnivores","Canidae",22.64,-19.3,"WN","terrestrial","Botswana","Africa",3,1,1,1,"Lycaon_pictus",403,22.0501,NA,"group","ThreatDisease"
"162","Monachus monachus","carnivores","Phocidae",22.98,39.04,"WN","marine",NA,NA,4,1,1,1,"Monachus_monachus",NA,292.5,NA,"non_group","ThreatDisease"
"163","Ovis canadensis","ungulates","Bovidae",-112.56,45.71,"WN","terrestrial","United States of America","North America",2,1,1,1,"Ovis_canadensis",19,74.6449,5.5,NA,"ThreatDisease"
"164","Syncerus caffer","ungulates","Bovidae",36.91,0.28,"WN","terrestrial","Kenya","Africa",2,1,1,1,"Syncerus_caffer",63.8,580.0027,1506,NA,"ThreatDisease"
"165","Tragelaphus imberbis","ungulates","Bovidae",38.14,-3.33,"WN","terrestrial","Kenya","Africa",2,1,1,1,"Tragelaphus_imberbis",NA,81.5755,3,NA,"ThreatDisease"
"166","Urocyon littoralis","carnivores","Canidae",-118.42,33.39,"WN","terrestrial","United States of America","North America",4,1,1,1,"Urocyon_littoralis",0.42,1.896,NA,"non_group","ThreatDisease"
"167","Alcelaphus buselaphus","ungulates","Bovidae",29.98,-31.3,NA,"terrestrial","South Africa","Africa",2,1,1,1,"Alcelaphus_buselaphus",2.75,171.0015,20,NA,"Disease"
"168","Antidorcas marsupialis","ungulates","Bovidae",21.04,-25.19,"WN","terrestrial","Botswana","Africa",2,1,1,1,"Antidorcas_marsupialis",NA,31.5,3000,NA,"Disease"
"169","Bos frontalis","ungulates","Bovidae",92.94,26.2,"WO","terrestrial","India","Asia",2,1,1,1,"Bos_frontalis",NA,NA,40,NA,"Disease"
"170","Bos grunniens","ungulates","Bovidae",92.94,26.2,"WO","terrestrial","India","Asia",2,1,1,1,"Bos_grunniens",NA,NA,110,NA,"Disease"
"171","Canis simensis","carnivores","Canidae",39.86,6.84,"WN","terrestrial","Ethiopia","Africa",3,1,1,1,"Canis_simensis",4.21,10,NA,"group","Disease"
"172","Connochaetes taurinus","ungulates","Bovidae",31.45,-23.82,"WN","terrestrial","South Africa","Africa",2,1,1,1,"Connochaetes_taurinus",NA,179.999,20,NA,"Disease"
"173","Damaliscus lunatus","ungulates","Bovidae",28.68,-24.65,"WN","terrestrial","South Africa","Africa",2,1,1,1,"Damaliscus_lunatus",NA,136.0003,3.6,NA,"Disease"
"174","Eumetopias jubatus","carnivores","Otariidae",-178.14,56.91,"WN","marine",NA,NA,3,1,1,1,"Eumetopias_jubatus",NA,310,NA,"group","Disease"
"175","Lycaon pictus","carnivores","Canidae",22.64,-19.3,"WN","terrestrial","Botswana","Africa",3,1,1,1,"Lycaon_pictus",403,22.0501,NA,"group","Disease"
"176","Monachus monachus","carnivores","Phocidae",22.98,39.04,"WN","marine",NA,NA,4,1,1,1,"Monachus_monachus",NA,292.5,NA,"non_group","Disease"
"177","Ovis canadensis","ungulates","Bovidae",-112.56,45.71,"WN","terrestrial","United States of America","North America",2,1,1,1,"Ovis_canadensis",19,74.6449,5.5,NA,"Disease"
"178","Syncerus caffer","ungulates","Bovidae",36.91,0.28,"WN","terrestrial","Kenya","Africa",2,1,1,1,"Syncerus_caffer",63.8,580.0027,1506,NA,"Disease"
"179","Tragelaphus imberbis","ungulates","Bovidae",38.14,-3.33,"WN","terrestrial","Kenya","Africa",2,1,1,1,"Tragelaphus_imberbis",NA,81.5755,3,NA,"Disease"
"180","Urocyon littoralis","carnivores","Canidae",-118.42,33.39,"WN","terrestrial","United States of America","North America",4,1,1,1,"Urocyon_littoralis",0.42,1.896,NA,"non_group","Disease"
